region	AT	AT	AT	AT	AT	AT	AT	BE	BE	BE	BE	BE	BE	BE	BG	BG	BG	BG	BG	BG	BG	CY	CY	CY	CY	CY	CY	CY	CZ	CZ	CZ	CZ	CZ	CZ	CZ	DE	DE	DE	DE	DE	DE	DE	DK	DK	DK	DK	DK	DK	DK	EE	EE	EE	EE	EE	EE	EE	ES	ES	ES	ES	ES	ES	ES	FI	FI	FI	FI	FI	FI	FI	FR	FR	FR	FR	FR	FR	FR	GR	GR	GR	GR	GR	GR	GR	HR	HR	HR	HR	HR	HR	HR	HU	HU	HU	HU	HU	HU	HU	IE	IE	IE	IE	IE	IE	IE	IT	IT	IT	IT	IT	IT	IT	LT	LT	LT	LT	LT	LT	LT	LU	LU	LU	LU	LU	LU	LU	LV	LV	LV	LV	LV	LV	LV	MT	MT	MT	MT	MT	MT	MT	NL	NL	NL	NL	NL	NL	NL	PL	PL	PL	PL	PL	PL	PL	PT	PT	PT	PT	PT	PT	PT	RO	RO	RO	RO	RO	RO	RO	SE	SE	SE	SE	SE	SE	SE	SI	SI	SI	SI	SI	SI	SI	SK	SK	SK	SK	SK	SK	SK	GB	GB	GB	GB	GB	GB	GB	US	US	US	US	US	US	US	JP	JP	JP	JP	JP	JP	JP	CN	CN	CN	CN	CN	CN	CN	CA	CA	CA	CA	CA	CA	CA	KR	KR	KR	KR	KR	KR	KR	BR	BR	BR	BR	BR	BR	BR	IN	IN	IN	IN	IN	IN	IN	MX	MX	MX	MX	MX	MX	MX	RU	RU	RU	RU	RU	RU	RU	AU	AU	AU	AU	AU	AU	AU	CH	CH	CH	CH	CH	CH	CH	TR	TR	TR	TR	TR	TR	TR	TW	TW	TW	TW	TW	TW	TW	NO	NO	NO	NO	NO	NO	NO	ID	ID	ID	ID	ID	ID	ID	ZA	ZA	ZA	ZA	ZA	ZA	ZA	WA	WA	WA	WA	WA	WA	WA	WL	WL	WL	WL	WL	WL	WL	WE	WE	WE	WE	WE	WE	WE	WF	WF	WF	WF	WF	WF	WF	WM	WM	WM	WM	WM	WM	WM
sector	Final consumption expenditure by households	Final consumption expenditure by non-profit organisations serving households (NPISH)	Final consumption expenditure by government	Gross fixed capital formation	Changes in inventories	Changes in valuables	Exports: Total (fob)	Final consumption expenditure by households	Final consumption expenditure by non-profit organisations serving households (NPISH)	Final consumption expenditure by government	Gross fixed capital formation	Changes in inventories	Changes in valuables	Exports: Total (fob)	Final consumption expenditure by households	Final consumption expenditure by non-profit organisations serving households (NPISH)	Final consumption expenditure by government	Gross fixed capital formation	Changes in inventories	Changes in valuables	Exports: Total (fob)	Final consumption expenditure by households	Final consumption expenditure by non-profit organisations serving households (NPISH)	Final consumption expenditure by government	Gross fixed capital formation	Changes in inventories	Changes in valuables	Exports: Total (fob)	Final consumption expenditure by households	Final consumption expenditure by non-profit organisations serving households (NPISH)	Final consumption expenditure by government	Gross fixed capital formation	Changes in inventories	Changes in valuables	Exports: Total (fob)	Final consumption expenditure by households	Final consumption expenditure by non-profit organisations serving households (NPISH)	Final consumption expenditure by government	Gross fixed capital formation	Changes in inventories	Changes in valuables	Exports: Total (fob)	Final consumption expenditure by households	Final consumption expenditure by non-profit organisations serving households (NPISH)	Final consumption expenditure by government	Gross fixed capital formation	Changes in inventories	Changes in valuables	Exports: Total (fob)	Final consumption expenditure by households	Final consumption expenditure by non-profit organisations serving households (NPISH)	Final consumption expenditure by government	Gross fixed capital formation	Changes in inventories	Changes in valuables	Exports: Total (fob)	Final consumption expenditure by households	Final consumption expenditure by non-profit organisations serving households (NPISH)	Final consumption expenditure by government	Gross fixed capital formation	Changes in inventories	Changes in valuables	Exports: Total (fob)	Final consumption expenditure by households	Final consumption expenditure by non-profit organisations serving households (NPISH)	Final consumption expenditure by government	Gross fixed capital formation	Changes in inventories	Changes in valuables	Exports: Total (fob)	Final consumption expenditure by households	Final consumption expenditure by non-profit organisations serving households (NPISH)	Final consumption expenditure by government	Gross fixed capital formation	Changes in inventories	Changes in valuables	Exports: Total (fob)	Final consumption expenditure by households	Final consumption expenditure by non-profit organisations serving households (NPISH)	Final consumption expenditure by government	Gross fixed capital formation	Changes in inventories	Changes in valuables	Exports: Total (fob)	Final consumption expenditure by households	Final consumption expenditure by non-profit organisations serving households (NPISH)	Final consumption expenditure by government	Gross fixed capital formation	Changes in inventories	Changes in valuables	Exports: Total (fob)	Final consumption expenditure by households	Final consumption expenditure by non-profit organisations serving households (NPISH)	Final consumption expenditure by government	Gross fixed capital formation	Changes in inventories	Changes in valuables	Exports: Total (fob)	Final consumption expenditure by households	Final consumption expenditure by non-profit organisations serving households (NPISH)	Final consumption expenditure by government	Gross fixed capital formation	Changes in inventories	Changes in valuables	Exports: Total (fob)	Final consumption expenditure by households	Final consumption expenditure by non-profit organisations serving households (NPISH)	Final consumption expenditure by government	Gross fixed capital formation	Changes in inventories	Changes in valuables	Exports: Total (fob)	Final consumption expenditure by households	Final consumption expenditure by non-profit organisations serving households (NPISH)	Final consumption expenditure by government	Gross fixed capital formation	Changes in inventories	Changes in valuables	Exports: Total (fob)	Final consumption expenditure by households	Final consumption expenditure by non-profit organisations serving households (NPISH)	Final consumption expenditure by government	Gross fixed capital formation	Changes in inventories	Changes in valuables	Exports: Total (fob)	Final consumption expenditure by households	Final consumption expenditure by non-profit organisations serving households (NPISH)	Final consumption expenditure by government	Gross fixed capital formation	Changes in inventories	Changes in valuables	Exports: Total (fob)	Final consumption expenditure by households	Final consumption expenditure by non-profit organisations serving households (NPISH)	Final consumption expenditure by government	Gross fixed capital formation	Changes in inventories	Changes in valuables	Exports: Total (fob)	Final consumption expenditure by households	Final consumption expenditure by non-profit organisations serving households (NPISH)	Final consumption expenditure by government	Gross fixed capital formation	Changes in inventories	Changes in valuables	Exports: Total (fob)	Final consumption expenditure by households	Final consumption expenditure by non-profit organisations serving households (NPISH)	Final consumption expenditure by government	Gross fixed capital formation	Changes in inventories	Changes in valuables	Exports: Total (fob)	Final consumption expenditure by households	Final consumption expenditure by non-profit organisations serving households (NPISH)	Final consumption expenditure by government	Gross fixed capital formation	Changes in inventories	Changes in valuables	Exports: Total (fob)	Final consumption expenditure by households	Final consumption expenditure by non-profit organisations serving households (NPISH)	Final consumption expenditure by government	Gross fixed capital formation	Changes in inventories	Changes in valuables	Exports: Total (fob)	Final consumption expenditure by households	Final consumption expenditure by non-profit organisations serving households (NPISH)	Final consumption expenditure by government	Gross fixed capital formation	Changes in inventories	Changes in valuables	Exports: Total (fob)	Final consumption expenditure by households	Final consumption expenditure by non-profit organisations serving households (NPISH)	Final consumption expenditure by government	Gross fixed capital formation	Changes in inventories	Changes in valuables	Exports: Total (fob)	Final consumption expenditure by households	Final consumption expenditure by non-profit organisations serving households (NPISH)	Final consumption expenditure by government	Gross fixed capital formation	Changes in inventories	Changes in valuables	Exports: Total (fob)	Final consumption expenditure by households	Final consumption expenditure by non-profit organisations serving households (NPISH)	Final consumption expenditure by government	Gross fixed capital formation	Changes in inventories	Changes in valuables	Exports: Total (fob)	Final consumption expenditure by households	Final consumption expenditure by non-profit organisations serving households (NPISH)	Final consumption expenditure by government	Gross fixed capital formation	Changes in inventories	Changes in valuables	Exports: Total (fob)	Final consumption expenditure by households	Final consumption expenditure by non-profit organisations serving households (NPISH)	Final consumption expenditure by government	Gross fixed capital formation	Changes in inventories	Changes in valuables	Exports: Total (fob)	Final consumption expenditure by households	Final consumption expenditure by non-profit organisations serving households (NPISH)	Final consumption expenditure by government	Gross fixed capital formation	Changes in inventories	Changes in valuables	Exports: Total (fob)	Final consumption expenditure by households	Final consumption expenditure by non-profit organisations serving households (NPISH)	Final consumption expenditure by government	Gross fixed capital formation	Changes in inventories	Changes in valuables	Exports: Total (fob)	Final consumption expenditure by households	Final consumption expenditure by non-profit organisations serving households (NPISH)	Final consumption expenditure by government	Gross fixed capital formation	Changes in inventories	Changes in valuables	Exports: Total (fob)	Final consumption expenditure by households	Final consumption expenditure by non-profit organisations serving households (NPISH)	Final consumption expenditure by government	Gross fixed capital formation	Changes in inventories	Changes in valuables	Exports: Total (fob)	Final consumption expenditure by households	Final consumption expenditure by non-profit organisations serving households (NPISH)	Final consumption expenditure by government	Gross fixed capital formation	Changes in inventories	Changes in valuables	Exports: Total (fob)	Final consumption expenditure by households	Final consumption expenditure by non-profit organisations serving households (NPISH)	Final consumption expenditure by government	Gross fixed capital formation	Changes in inventories	Changes in valuables	Exports: Total (fob)	Final consumption expenditure by households	Final consumption expenditure by non-profit organisations serving households (NPISH)	Final consumption expenditure by government	Gross fixed capital formation	Changes in inventories	Changes in valuables	Exports: Total (fob)	Final consumption expenditure by households	Final consumption expenditure by non-profit organisations serving households (NPISH)	Final consumption expenditure by government	Gross fixed capital formation	Changes in inventories	Changes in valuables	Exports: Total (fob)	Final consumption expenditure by households	Final consumption expenditure by non-profit organisations serving households (NPISH)	Final consumption expenditure by government	Gross fixed capital formation	Changes in inventories	Changes in valuables	Exports: Total (fob)	Final consumption expenditure by households	Final consumption expenditure by non-profit organisations serving households (NPISH)	Final consumption expenditure by government	Gross fixed capital formation	Changes in inventories	Changes in valuables	Exports: Total (fob)	Final consumption expenditure by households	Final consumption expenditure by non-profit organisations serving households (NPISH)	Final consumption expenditure by government	Gross fixed capital formation	Changes in inventories	Changes in valuables	Exports: Total (fob)	Final consumption expenditure by households	Final consumption expenditure by non-profit organisations serving households (NPISH)	Final consumption expenditure by government	Gross fixed capital formation	Changes in inventories	Changes in valuables	Exports: Total (fob)	Final consumption expenditure by households	Final consumption expenditure by non-profit organisations serving households (NPISH)	Final consumption expenditure by government	Gross fixed capital formation	Changes in inventories	Changes in valuables	Exports: Total (fob)	Final consumption expenditure by households	Final consumption expenditure by non-profit organisations serving households (NPISH)	Final consumption expenditure by government	Gross fixed capital formation	Changes in inventories	Changes in valuables	Exports: Total (fob)	Final consumption expenditure by households	Final consumption expenditure by non-profit organisations serving households (NPISH)	Final consumption expenditure by government	Gross fixed capital formation	Changes in inventories	Changes in valuables	Exports: Total (fob)	Final consumption expenditure by households	Final consumption expenditure by non-profit organisations serving households (NPISH)	Final consumption expenditure by government	Gross fixed capital formation	Changes in inventories	Changes in valuables	Exports: Total (fob)	Final consumption expenditure by households	Final consumption expenditure by non-profit organisations serving households (NPISH)	Final consumption expenditure by government	Gross fixed capital formation	Changes in inventories	Changes in valuables	Exports: Total (fob)	Final consumption expenditure by households	Final consumption expenditure by non-profit organisations serving households (NPISH)	Final consumption expenditure by government	Gross fixed capital formation	Changes in inventories	Changes in valuables	Exports: Total (fob)	Final consumption expenditure by households	Final consumption expenditure by non-profit organisations serving households (NPISH)	Final consumption expenditure by government	Gross fixed capital formation	Changes in inventories	Changes in valuables	Exports: Total (fob)
year																																																																																																																																																																																																																																																																																																																																																							
1995	7424742379.35559	0.0	141524804.69654608	0.0	0.0	0.0	0.0	813695818.766364	0.0	0.0	0.0	0.0	0.0	0.0	691534397.5119146	4757986.214026501	1771284.8205292826	0.0	942.6805881099503	0.0	0.0	0.0	0.0	0.0	0.0	0.0	0.0	0.0	3896911388.2858815	252185.36467412725	9108375.652114762	0.0	0.0	0.0	0.0	10760564164.15377	0.0	678492.908299068	0.0	0.0	0.0	0.0	1814827372.950875	0.0	14006264.70194074	0.0	0.0	0.0	0.0	1683808672.7419295	0.0	1750636.675093593	0.0	0.0	0.0	0.0	9552763179.604263	0.0	43447773.224945806	0.0	0.0	0.0	0.0	5381911714.211565	0.0	3.715808967804021	0.0	0.0	0.0	0.0	37104157050.77144	0.0	70646725.3952406	0.0	0.0	0.0	0.0	3293188451.687043	0.0	23.64713030105202	0.0	0.0	0.0	0.0	4941228318.268553	45.69208339975362	0.0	0.0	0.0	0.0	0.0	2807197946.560834	0.0	3038611.285072495	0.0	0.0	0.0	0.0	139216000.0	0.0	0.0	0.0	0.0	0.0	0.0	4375793461.622212	6056.058323539445	134720.48335664917	0.0	0.0	0.0	0.0	1870166416.4347265	0.0	0.0	0.0	0.0	0.0	0.0	72240000.0	0.0	0.0	0.0	0.0	0.0	0.0	3576558811.814528	30383.454278592257	78676878.10867466	0.0	0.0	0.0	0.0	0.0	0.0	0.0	0.0	0.0	0.0	0.0	1673806906.4033952	0.0	268422225.02754664	0.0	0.0	0.0	0.0	11780728822.9361	1649.721314041565	44761869.3624242	0.0	0.0	0.0	0.0	5616550073.608436	0.0	75760.72636595853	0.0	0.0	0.0	0.0	4775547728.719479	0.0	3706222.062035443	0.0	639.0219052470704	0.0	0.0	3137841241.923176	0.0	0.0	0.0	0.0	0.0	0.0	694848000.0	0.0	524934.4131122347	0.0	0.0	0.0	0.0	1904000.0	0.0	308.7342204639595	0.0	0.0	0.0	0.0	1033443267.6496972	0.0	52816640.400670834	0.0	0.0	0.0	0.0	98440573172.72787	167423140.20801327	595405916.7590518	0.0	0.0	0.0	0.0	2044125515.3834424	185917.68135007744	137750077.37692457	0.0	0.0	0.0	0.0	954479346865.2554	39724862.209885	30095021.13100301	0.0	0.0	0.0	0.0	20349961674.75184	78430.00668400599	0.0	0.0	0.0	0.0	0.0	342933593.0544707	70002.37320805808	4806793.068037685	0.0	0.0	0.0	0.0	36273536910.41664	0.0	4258898506.136578	0.0	0.0	0.0	0.0	409624148767.7429	504782.9011699649	414580766.1173749	0.0	0.0	0.0	0.0	32644614753.57927	52807420.91506449	47026500.805513546	0.0	0.0	0.0	0.0	18798456524.6326	3449004.886571029	242186489.25311255	0.0	0.0	0.0	0.0	9591342291.842758	6786346.974548426	39163973.00274274	0.0	0.0	0.0	0.0	2560029331.810656	8965619.20131555	22623318.15158093	0.0	0.0	0.0	0.0	32630415706.296757	88200885.22463004	6678509.948522324	0.0	0.0	0.0	0.0	168880694.89213282	0.0	0.0	0.0	0.0	0.0	0.0	2614197540.119828	0.0	0.0	0.0	0.0	0.0	0.0	169016063406.78656	0.0	0.0	0.0	0.0	0.0	0.0	28896000000.0	0.0	0.0	0.0	0.0	0.0	0.0	308542996435.5184	79467.80003603516	41916579.62228294	0.0	0.0	0.0	0.0	89455712022.20583	0.0	3473319.3780249245	0.0	0.0	0.0	0.0	8098720000.0	0.0	369505440.79482543	0.0	0.0	0.0	0.0	720465808424.055	4314.962806029506	72609918.9043551	0.0	0.0	0.0	0.0	4578400347.669492	0.0	9968492.339460762	0.0	0.0	0.0	0.0
1996	8296476687.89449	0.0	145548187.53504166	0.0	0.0	0.0	0.0	998178611.4407426	0.0	0.0	0.0	0.0	0.0	0.0	832197939.7610631	7474819.743001586	766429.8357749823	0.0	0.0	0.0	0.0	0.0	0.0	0.0	0.0	0.0	0.0	0.0	3931219971.235522	115825.81717526133	11389148.940111276	0.0	0.0	0.0	0.0	11016979620.875532	0.0	3137399.9606229505	0.0	0.0	0.0	0.0	1853518518.7747505	0.0	16317231.087410277	0.0	0.0	0.0	0.0	1970649896.5625005	0.0	548407.3544517164	0.0	0.0	0.0	0.0	9508291262.64075	0.0	52186111.84045614	0.0	0.0	0.0	0.0	5382284197.983968	0.0	4.902840825770919	0.0	0.0	0.0	0.0	40594919313.81522	0.0	721110.4847407419	0.0	0.0	0.0	0.0	3292016000.0	0.0	0.0	0.0	0.0	0.0	0.0	5530061590.163436	63.05348060137186	6.184395304427213	0.0	0.0	0.0	0.0	2714077815.418945	0.0	5117527.824468485	0.0	0.0	0.0	0.0	125888000.0	0.0	0.0	0.0	0.0	0.0	0.0	4283187065.0918336	9537.52902786395	206787.8200645385	0.0	0.0	0.0	0.0	2029944171.7733064	0.0	376.30050666315753	0.0	0.0	0.0	0.0	72240000.0	0.0	0.0	0.0	0.0	0.0	0.0	3672158707.225433	26232.08390951268	27504773.023629785	0.0	0.0	0.0	0.0	0.0	0.0	0.0	0.0	0.0	0.0	0.0	1771639247.740424	0.0	317531577.30770683	0.0	0.0	0.0	0.0	11336615406.03376	2224.5402919732805	67793552.03831147	0.0	0.0	0.0	0.0	5555989764.355637	3.651332722399785	86011.52242866308	0.0	0.0	0.0	0.0	10199644789.659378	0.0	5647772.26357717	0.0	32618.3205405157	0.0	0.0	3629856529.354682	0.0	22.920185764774125	0.0	0.0	0.0	0.0	694848000.0	0.0	1008618.3713258367	0.0	0.0	0.0	0.0	3696000.0	0.0	34338.237952618176	0.0	0.0	0.0	0.0	1032274488.0535668	0.0	86167611.57066524	0.0	0.0	0.0	0.0	93101670379.8241	17475850.58642085	614189385.174994	0.0	0.0	0.0	0.0	2064207213.611328	186549.68010750445	107084027.85237388	0.0	0.0	0.0	0.0	954780198379.9456	21913789.36583181	16193172.580811176	0.0	0.0	0.0	0.0	21251461777.134407	37011.06130442987	0.0	0.0	0.0	0.0	0.0	230203695.4084305	224366.38070454705	1816567.3110128087	0.0	0.0	0.0	0.0	37580145072.75109	0.0	4469495590.177104	0.0	0.0	0.0	0.0	412476104334.444	1427530.4813745185	717192723.8943424	0.0	0.0	0.0	0.0	32332826214.90326	17058043.37143615	33657419.76593328	0.0	0.0	0.0	0.0	16970786824.250916	263118642.81925637	200745492.50381127	0.0	0.0	0.0	0.0	8823935576.846136	6650328.2953552585	81687359.98521687	0.0	0.0	0.0	0.0	2240246593.3145733	8732892.777498053	26552721.5343678	0.0	0.0	0.0	0.0	32541510865.14373	110180453.5839836	1445983.6076887343	0.0	0.0	0.0	0.0	210345629.9918568	0.0	0.0	0.0	0.0	0.0	0.0	2584747280.8204	0.0	68.26467358588373	0.0	0.0	0.0	0.0	170016903083.90344	0.0	0.0	0.0	0.0	0.0	0.0	29411895880.224876	0.0	0.0	0.0	0.0	0.0	0.0	313287816972.3408	20935.66994500128	59579053.04974617	0.0	0.0	0.0	0.0	90218678047.97992	0.0	2445134.892099018	0.0	0.0	0.0	0.0	8510105856.32735	1328.9232747898066	334107205.46918786	0.0	0.0	0.0	0.0	736907950075.7527	4975.776477330169	101511009.86295122	0.0	0.0	0.0	0.0	4913980726.638176	0.0	8998986.510004211	0.0	0.0	0.0	0.0
1997	7572189329.705968	0.0	160124091.34267855	0.0	0.0	0.0	0.0	795555255.1698072	0.0	5456.427011652791	0.0	0.0	0.0	0.0	741739150.8764819	0.0	221654.6279664837	0.0	272.3680210760969	0.0	0.0	0.0	0.0	0.0	0.0	0.0	0.0	0.0	4136652654.923288	362953.4689333578	15508914.855616048	0.0	0.0	0.0	0.0	17740369859.34622	0.0	2826915.4888931285	0.0	0.0	0.0	0.0	1875633257.7156727	0.0	18782839.646559693	0.0	0.0	0.0	0.0	2061123575.7113004	0.0	5625234.744167467	0.0	0.0	0.0	0.0	9479939407.209312	0.0	19687902.775535163	0.0	0.0	0.0	0.0	5356896129.089285	0.0	2.932253056291529	0.0	0.0	0.0	0.0	35613046174.70391	0.0	481942.88439289306	0.0	0.0	0.0	0.0	3292016000.0	0.0	0.0	0.0	0.0	0.0	0.0	5076018756.519531	7.838716992014675	1.3142462024511417	0.0	0.0	0.0	0.0	2595795303.886818	0.0	859887.1021472254	0.0	0.0	0.0	0.0	113680000.0	0.0	0.0	0.0	0.0	0.0	0.0	4758461079.305594	14313.771034336449	190674.15971949708	0.0	0.0	0.0	0.0	2058658363.78476	0.0	627.1910647857378	0.0	0.0	0.0	0.0	72240000.0	0.0	0.0	0.0	0.0	0.0	0.0	3537657893.4951124	28190.45142631804	37503323.45179692	0.0	0.0	0.0	0.0	0.0	0.0	0.0	0.0	0.0	0.0	0.0	1822380741.264694	0.0	367039249.2092735	0.0	0.0	0.0	0.0	11257166875.585749	3296.0385812257064	206532768.2330859	0.0	0.0	0.0	0.0	5586848751.05682	4.83641621441898	91650.79101036656	0.0	0.0	0.0	0.0	13684980957.338392	0.0	2326304.7102314904	0.0	4590.897417605934	0.0	0.0	3530491010.131668	0.0	40.64720057285642	0.0	0.0	0.0	0.0	694848000.0	0.0	227508.47760333616	0.0	0.0	0.0	0.0	1568000.0	0.0	24211.516619462065	0.0	0.0	0.0	0.0	1057349046.6557628	0.0	108187099.5940212	0.0	0.0	0.0	0.0	75806730019.34537	25602711.723496668	538648942.938333	0.0	0.0	0.0	0.0	1994173943.049376	194421.55364483333	174974629.4918996	0.0	0.0	0.0	0.0	954033742999.448	83336240.88418019	31796206.839788064	0.0	0.0	0.0	0.0	19920403372.97326	32652.229726933067	0.0	0.0	0.0	0.0	0.0	206756768.8543371	333175.0645865005	6564363.462895548	0.0	0.0	0.0	0.0	36427725086.83373	0.0	6197637312.029661	0.0	0.0	0.0	0.0	415349978992.2562	2167172.689983756	822411493.4168289	0.0	0.0	0.0	0.0	32280923737.35536	13131214.312145252	34852838.21251537	0.0	0.0	0.0	0.0	14327958947.031626	24840.395800231123	778997827.2100066	0.0	0.0	0.0	0.0	9358030982.989843	9233357.923161898	156249220.39062214	0.0	0.0	0.0	0.0	2125563131.884672	7637728.310674008	21106939.02604665	0.0	0.0	0.0	0.0	32513127968.51745	92604930.67182688	24173576.7032204	0.0	0.0	0.0	0.0	211682454.69270068	0.0	0.0	0.0	0.0	0.0	0.0	2681665800.903893	0.0	73.87759463743808	0.0	0.0	0.0	0.0	175649178891.48682	0.0	0.0	0.0	0.0	0.0	0.0	29921087025.702374	0.0	0.0	0.0	0.0	0.0	0.0	315882295088.6264	13036.176600407189	63300169.37897525	0.0	0.0	0.0	0.0	86102271156.65256	0.0	1374848.6762452042	0.0	0.0	0.0	0.0	8886314234.83736	1473.048302146433	9145341.71301991	0.0	0.0	0.0	0.0	757680888188.31	5297.858674738987	196513742.53866747	0.0	0.0	0.0	0.0	5020447914.104462	0.0	28826394.726535697	0.0	0.0	0.0	0.0
1998	7196895716.570802	0.0	329588009.3584494	0.0	0.0	0.0	0.0	796756396.0790945	0.0	8472.918069733607	0.0	0.0	0.0	0.0	1581755770.4670727	0.0	862257.6164655386	0.0	116.97127937336816	0.0	0.0	0.0	0.0	0.0	0.0	0.0	0.0	0.0	4187045654.4715614	381014.3732098974	20732859.68946239	0.0	0.0	0.0	0.0	18373131198.601685	0.0	2041798.2803139293	0.0	0.0	0.0	0.0	1693447537.4955704	0.0	10104032.208212214	0.0	0.0	0.0	0.0	1601319344.898942	0.0	3086379.022170198	0.0	0.0	0.0	0.0	9551197442.592394	0.0	16451228.220699938	0.0	0.0	0.0	0.0	5785090039.039276	0.0	0.9672008131524824	0.0	0.0	0.0	0.0	36093181566.50076	0.0	724150.1657691032	0.0	0.0	0.0	0.0	3295712000.0	0.0	0.0	0.0	0.0	0.0	0.0	5110049739.838817	74.77068877142939	2.3516925468695065	0.0	0.0	0.0	0.0	2663181161.126836	0.0	1025917.526373442	0.0	0.0	0.0	0.0	117488000.0	0.0	0.0	0.0	0.0	0.0	0.0	4898452215.21156	14096.65332976528	233906.9590144888	0.0	0.0	0.0	0.0	2214197219.291888	0.0	230.85981037649572	0.0	5361.0540311857885	0.0	0.0	72240000.0	0.0	0.0	0.0	0.0	0.0	0.0	3418042847.8447685	21759.65634383576	242459624.61366227	0.0	0.0	0.0	0.0	0.0	0.0	0.0	0.0	0.0	0.0	0.0	1859878631.2474504	0.0	397856365.8465363	0.0	0.0	0.0	0.0	11360610996.556076	4279.711539191788	234654926.20965892	0.0	0.0	0.0	0.0	5516323730.391634	5.417346258668001	98072.51998949348	0.0	0.0	0.0	0.0	12594992095.337631	0.0	6651110.322816256	0.0	499.8528253554066	0.0	0.0	3333998910.951295	0.0	4.073442214501718	0.0	0.0	0.0	0.0	694848000.0	0.0	155634.89904004458	0.0	0.0	0.0	0.0	1232000.0	0.0	620979.9231502046	0.0	0.0	0.0	0.0	949129747.4978732	0.0	154255110.29584545	0.0	0.0	0.0	0.0	81043202690.22987	1544.397110786244	612803208.1088216	0.0	0.0	0.0	0.0	1989191716.714572	189482.7286384384	98464390.40483332	0.0	0.0	0.0	0.0	943966311418.6984	41982770.06033932	34333827.24713732	0.0	0.0	0.0	0.0	21450799857.955643	4710.587118312008	0.0	0.0	0.0	0.0	0.0	229102814.48524025	7605927.641166775	54701665.17318939	0.0	0.0	0.0	0.0	40871783010.09548	0.0	985057215.1030704	0.0	0.0	0.0	0.0	418212490989.1743	7557380.293546418	751163762.6512876	0.0	0.0	0.0	0.0	32377186189.402195	40796700.94808588	40185685.42014384	0.0	0.0	0.0	0.0	12069339260.256008	22088.52844941796	765250117.5943426	0.0	0.0	0.0	0.0	8835274619.147184	75287920.42015833	175211460.00351864	0.0	0.0	0.0	0.0	2133075938.1886847	8260422.396358459	21775163.933517706	0.0	0.0	0.0	0.0	32603848547.160507	2595973.9707300044	604972.9932649317	0.0	0.0	0.0	0.0	221659875.1792045	0.0	0.0	0.0	0.0	0.0	0.0	2873148497.944063	0.0	11.323173626942154	0.0	0.0	0.0	0.0	179172418231.99338	0.0	0.0	0.0	0.0	0.0	0.0	30486492271.95755	0.0	0.0	0.0	0.0	0.0	0.0	320084875360.37256	8936.379766453814	60981648.439452834	0.0	0.0	0.0	0.0	88509118068.53278	0.0	1563201.478787365	0.0	0.0	0.0	0.0	8914071247.995934	1120.1052140807003	353346356.8755468	0.0	0.0	0.0	0.0	779748525061.5233	5667.783384266554	258036561.8651696	0.0	0.0	0.0	0.0	5238993832.976056	0.0	26460300.450731385	0.0	0.0	0.0	0.0
1999	7697884520.05101	0.0	177844651.98010838	0.0	0.0	0.0	0.0	772102464.0341986	0.0	28280.28811726778	0.0	0.0	0.0	0.0	1604400000.0	0.0	117006010.75028436	0.0	0.0	0.0	0.0	0.0	0.0	0.0	0.0	0.0	0.0	0.0	4649675814.887248	316695.85787045734	28102754.672581203	0.0	0.0	0.0	0.0	18475433694.808628	0.0	2566541.613282005	0.0	0.0	0.0	0.0	1716319802.9335914	0.0	22952346.41586475	0.0	0.0	0.0	0.0	1542678040.1729872	0.0	4069432.9509827695	0.0	0.0	0.0	0.0	9601081714.656504	0.0	21802064.698389787	0.0	0.0	0.0	0.0	5504892174.350527	0.0	0.9188180310212504	0.0	0.0	0.0	0.0	33662674563.227997	0.0	841278.5656767522	0.0	0.0	0.0	0.0	3292016000.0	0.0	0.0	0.0	0.0	0.0	0.0	5008113814.017271	54.286376444746	1.3849479853653068	0.0	0.0	0.0	0.0	2733094041.5034523	0.0	789019.9800768786	0.0	0.0	0.0	0.0	83776000.0	0.0	0.0	0.0	0.0	0.0	0.0	5250431811.454792	57667.82479754118	667724.0504013976	0.0	0.0	0.0	0.0	2322636674.1394024	0.0	0.0	0.0	5156.085954907663	0.0	0.0	72574961.36012365	0.0	0.0	0.0	0.0	0.0	0.0	3362845930.4026327	21305.345908674943	66229338.73504186	0.0	0.0	0.0	0.0	0.0	0.0	0.0	0.0	0.0	0.0	0.0	1865283347.2639267	0.0	388086425.41297513	0.0	0.0	0.0	0.0	10720661340.790924	4063.462528213831	329876987.0025181	0.0	0.0	0.0	0.0	5533516772.869786	2.625117354925221	5221191.145155068	0.0	0.0	0.0	0.0	11781080296.516092	0.0	8297978.976329286	0.0	0.0	0.0	0.0	3287560129.04195	0.0	3.797572352047384	0.0	0.0	0.0	0.0	726655827.956177	5504.686103234059	126998.37955326658	0.0	0.0	0.0	0.0	1008000.0	0.0	27464.133577748016	0.0	0.0	0.0	0.0	950517427.3908396	0.0	159051860.90515423	0.0	0.0	0.0	0.0	56489819218.308495	148292405.95484316	49255622.17148954	0.0	0.0	0.0	0.0	1791342629.573968	206680.90558513897	166542359.27086025	0.0	0.0	0.0	0.0	939642393468.2388	43624375.86650916	43629886.07359005	0.0	0.0	0.0	0.0	20123813901.711853	33262.92411306426	0.0	0.0	0.0	0.0	0.0	207446704.89917144	45407.306417285945	6507892.362710664	0.0	0.0	0.0	0.0	39323161847.39637	0.0	6919446045.270477	0.0	0.0	0.0	0.0	421149080262.6547	2200495.6476277146	818354140.9631176	0.0	0.0	0.0	0.0	32698492109.10662	40148268.29848645	47462992.64286009	0.0	0.0	0.0	0.0	16160545955.405272	272351544.3627813	145485692.2686494	0.0	0.0	0.0	0.0	8790088857.57371	64899557.33985698	55327079.03382314	0.0	0.0	0.0	0.0	1757888888.4042306	9071691.5919114	27641848.95682609	0.0	0.0	0.0	0.0	31700703210.902245	11507987.871281927	737266.7619374052	0.0	0.0	0.0	0.0	228524982.35327932	0.0	0.0	0.0	0.0	0.0	0.0	2680125136.326559	0.0	46.0983551028161	0.0	0.0	0.0	0.0	182123470325.26056	0.0	0.0	0.0	0.0	0.0	0.0	30444556467.458862	0.0	0.0	0.0	0.0	0.0	0.0	325583282126.9036	386719486.4729868	58148707.37532228	0.0	0.0	0.0	0.0	90249396394.06856	0.0	1759072.6715031834	0.0	0.0	0.0	0.0	8153394911.419836	1516.757150335157	600990081.1215768	0.0	0.0	0.0	0.0	809291610361.9053	10056.08068330492	198714368.6837696	0.0	0.0	0.0	0.0	5463626981.311848	0.0	5544985.207385275	0.0	0.0	0.0	0.0
2000	7217359376.732168	0.0	177451941.61869967	0.0	0.0	0.0	0.0	730040880.3085784	0.0	160064.9962966061	0.0	0.0	0.0	0.0	2292080000.0	0.0	696473.9719935069	0.0	0.0	0.0	0.0	0.0	0.0	0.0	0.0	0.0	0.0	0.0	4956238194.308066	282898.41178323346	32705825.83307364	0.0	0.0	0.0	0.0	19678122714.791927	0.0	4664367.74323778	0.0	0.0	0.0	0.0	2024109505.3579369	0.0	33025565.03556281	0.0	0.0	0.0	0.0	1562353649.608484	0.0	3965173.246698997	0.0	0.0	0.0	0.0	9858285273.974586	0.0	46541020.77830648	0.0	0.0	0.0	0.0	5662718971.897281	0.0	25.205566723919667	0.0	0.0	0.0	0.0	32071211465.444256	0.0	188700001.8974319	0.0	0.0	0.0	0.0	3292016000.0	0.0	0.0	0.0	0.0	0.0	0.0	4445610390.9661045	7.829445939106798	17.261005818742436	0.0	0.0	0.0	0.0	2597653325.6058893	0.0	1621762.7161719347	0.0	0.0	0.0	0.0	80640000.0	0.0	0.0	0.0	0.0	0.0	0.0	5696208000.0	0.0	2319522.862191446	0.0	0.0	0.0	0.0	2491017115.429057	0.0	0.0	0.0	5348.99352601974	0.0	0.0	70784000.0	0.0	171.7488408307937	0.0	0.0	0.0	0.0	3233804335.2051606	16065.213630868528	113060504.37796833	0.0	0.0	0.0	0.0	0.0	0.0	0.0	0.0	0.0	0.0	0.0	1859384880.9057631	0.0	384168977.7199196	0.0	0.0	0.0	0.0	10713139098.484123	4921.087884737289	351147112.53666085	0.0	0.0	0.0	0.0	5589912362.722554	3.5608530442734057	15818850.097437987	0.0	0.0	0.0	0.0	11580524138.854555	0.0	3688267.1201743567	0.0	6904.84358972148	0.0	0.0	3685460076.695078	0.0	1.4956126252306248	0.0	0.0	0.0	0.0	2204299847.049761	16625.899419486614	21233.511520199216	0.0	0.0	0.0	0.0	1120000.0	0.0	0.0	0.0	0.0	0.0	0.0	1056515272.4559324	0.0	168091211.46869236	0.0	0.0	0.0	0.0	58623730142.76412	549.5120650388287	36327624.48802522	0.0	0.0	0.0	0.0	1584821204.6415105	202882.1569725443	75356561.19565974	0.0	0.0	0.0	0.0	922019475355.9482	4124774.542182781	45095053.50424659	0.0	0.0	0.0	0.0	19643944179.01132	38631.8896997048	0.0	0.0	0.0	0.0	0.0	311542548.8213852	16814.3083383235	12026133.387039864	0.0	0.0	0.0	0.0	38825449017.45077	0.0	6017313010.693251	0.0	0.0	0.0	0.0	424307723486.07886	8620117.26962171	798253807.773162	0.0	0.0	0.0	0.0	32876757001.913933	49863400.32554291	58199646.10512035	0.0	0.0	0.0	0.0	12135842694.888266	18038.30634115363	20554028.488534894	0.0	0.0	0.0	0.0	9013907822.261269	96825849.99896508	53292825.19274968	0.0	0.0	0.0	0.0	1685864897.3069625	9586003.11516699	29091773.607804324	0.0	0.0	0.0	0.0	30384723094.30486	659408.520705367	398562.4286591498	0.0	0.0	0.0	0.0	218972773.1546802	0.0	0.0	0.0	0.0	0.0	0.0	2717989378.2340627	0.0	0.0904255282562017	0.0	0.0	0.0	0.0	187484170352.18253	0.0	0.0	0.0	0.0	0.0	0.0	26194096987.88468	0.0	0.0	0.0	0.0	0.0	0.0	328657091403.3022	14570.77480999854	70073926.27794361	0.0	0.0	0.0	0.0	83991287485.66795	0.0	1676220.613873551	0.0	0.0	0.0	0.0	9717595743.509304	1717.1256725387782	17405455.28501175	0.0	60.57138378336012	0.0	0.0	817593201830.3016	7964.734161911686	297323506.2318159	0.0	0.0	0.0	0.0	4646662010.746053	0.0	5375238.349694419	0.0	0.0	0.0	0.0
2001	7479197434.114522	0.0	182887557.7864872	0.0	0.0	0.0	0.0	819521859.7041309	0.0	8837.857205314727	0.0	0.0	0.0	0.0	2212784000.0	0.0	820312.7212535529	0.0	0.0	0.0	0.0	0.0	0.0	0.0	0.0	0.0	0.0	0.0	5208437890.479271	299978.99240350304	26533510.79254804	0.0	0.0	0.0	0.0	19904933244.729782	0.0	6452108.505336911	0.0	0.0	0.0	0.0	2322750139.407365	0.0	26548211.71216818	0.0	0.0	0.0	0.0	1534810128.644872	0.0	4598436.787377924	0.0	0.0	0.0	0.0	9938776261.955036	0.0	20038766.9393287	0.0	0.0	0.0	0.0	5827518928.165869	0.0	766.623956735884	0.0	0.0	0.0	0.0	32731763087.29589	0.0	440910.8818395175	0.0	0.0	0.0	0.0	3292016000.0	0.0	0.0	0.0	0.0	0.0	0.0	4904928000.0	0.0	0.0	0.0	0.0	0.0	0.0	2817986201.681759	0.0	1199665.9754243698	0.0	0.0	0.0	0.0	77056000.0	0.0	0.0	0.0	0.0	0.0	0.0	5983040000.0	0.0	1658835.3664047394	0.0	0.0	0.0	0.0	2589182265.829032	0.0	718.4231564236268	0.0	15343.999999999996	0.0	0.0	76496000.0	0.0	280.72757498591966	0.0	0.0	0.0	0.0	3509971768.945226	15241.767486373292	55290411.60904904	0.0	0.0	0.0	0.0	0.0	0.0	0.0	0.0	0.0	0.0	0.0	1831673830.003609	0.0	386398162.1123245	0.0	0.0	0.0	0.0	11787316398.28794	11256.00096581641	220566437.83545116	0.0	0.0	0.0	0.0	5595807018.714678	0.964895138405796	16238981.879461125	0.0	0.0	0.0	0.0	8240747739.340421	0.0	5588544.379304615	0.0	49699.890666488165	0.0	0.0	3599421518.538853	0.0	813.540347743508	0.0	0.0	0.0	0.0	2638616776.536765	23999.64784316392	63410.69897993352	0.0	0.0	0.0	0.0	141318338.43977824	0.0	5656714.921931281	0.0	0.0	0.0	0.0	967738633.56134	0.0	106363026.19348688	0.0	0.0	0.0	0.0	50980741566.15848	577.5249622228616	52237242.26782055	0.0	0.0	0.0	0.0	1616315324.5245054	197528.53407210397	112334043.72795013	0.0	0.0	0.0	0.0	883679740252.2375	8727471.212364325	50969181.12070952	0.0	0.0	0.0	0.0	18156085543.959435	50664.65935043015	0.0	0.0	0.0	0.0	0.0	321647217.7788977	17821.894601641867	9838445.999708105	0.0	0.0	0.0	0.0	40717055067.887535	0.0	641862993.2362196	0.0	0.0	0.0	0.0	421293526203.05255	1506094.9011321615	794979089.0243859	0.0	0.0	0.0	0.0	31418534600.277927	194840456.0199505	83427792.06016944	0.0	0.0	0.0	0.0	12575216089.956516	17997.56230450779	18129032.59259133	0.0	0.0	0.0	0.0	9294262168.864117	8245312.834056063	48125867.75116133	0.0	0.0	0.0	0.0	1799085255.4086945	10382592.362635592	29414937.27712356	0.0	0.0	0.0	0.0	29196185619.348194	9910664.70169379	507818.0379648456	0.0	0.0	0.0	0.0	206637057.76830247	0.0	0.0	0.0	0.0	0.0	0.0	2817628144.567068	0.0	43.16543255214988	0.0	0.0	0.0	0.0	190042002548.1232	0.0	0.0	0.0	0.0	0.0	0.0	23500517358.363262	0.0	0.0	0.0	0.0	0.0	0.0	332331631672.9907	112966.40889858984	48090219.323496826	0.0	0.0	0.0	0.0	83687052235.02676	0.0	2013480.7049254111	0.0	0.0	0.0	0.0	9964240951.284409	1921.0663588227092	763139136.3729348	0.0	0.0	0.0	0.0	829655964156.0863	8999.374315177367	276459881.19682467	0.0	0.0	0.0	0.0	4610017361.630995	67.96594161539248	6643981.74157034	0.0	0.0	0.0	0.0
2002	6917207899.0131855	0.0	181299038.0213055	0.0	0.0	0.0	0.0	709361819.0462505	0.0	8109.601667030465	0.0	0.0	0.0	0.0	2667168000.0	0.0	2899554.860799539	0.0	0.0	0.0	0.0	0.0	0.0	0.0	0.0	0.0	0.0	0.0	5249072116.668716	366983.3371288614	35545372.71512539	0.0	0.0	0.0	0.0	20487303072.618107	0.0	11133186.598850224	0.0	0.0	0.0	0.0	2376674490.3727326	0.0	37640187.43927446	0.0	0.0	0.0	0.0	1448457098.9538634	0.0	17940667.542636517	0.0	0.0	0.0	0.0	9905483308.693537	0.0	11920351.423293157	0.0	0.0	0.0	0.0	6015795068.522392	0.0	542.7916156570009	0.0	0.0	0.0	0.0	29924579593.412323	0.0	280601104.11926866	0.0	0.0	0.0	0.0	3292016000.0	0.0	0.0	0.0	0.0	0.0	0.0	4686192000.0	0.0	0.0	0.0	0.0	0.0	0.0	2727566777.3834267	0.0	5651855.188022338	0.0	0.0	0.0	0.0	76384000.0	0.0	12203.87845798363	0.0	0.0	0.0	0.0	9911888000.0	0.0	2959852.7486987817	0.0	0.0	0.0	0.0	2585055380.0355964	0.0	98727.76730595832	0.0	8635.899761877763	0.0	0.0	70672000.0	0.0	730.2056237893289	0.0	0.0	0.0	0.0	3466440700.2454867	15992.789625585849	44529996.09238198	0.0	0.0	0.0	0.0	0.0	0.0	0.0	0.0	0.0	0.0	0.0	1832437438.4641364	0.0	412719626.305758	0.0	0.0	0.0	0.0	11811148864.338505	10983.845866756752	169987237.75688493	0.0	0.0	0.0	0.0	5578052039.56269	2.037445503305749	17971424.374189492	0.0	0.0	0.0	0.0	8458610601.751228	0.0	3995365.2538329447	0.0	0.0	0.0	0.0	3167595882.9634023	0.0	1779.4112502309958	0.0	0.0	0.0	0.0	2080311470.0739365	21039.690135580644	11324622.438272512	0.0	0.0	0.0	0.0	123660551.48127437	0.0	555928.3836986837	0.0	0.0	0.0	0.0	1190396066.8888586	0.0	2002154.0836008864	0.0	0.0	0.0	0.0	48755438107.61904	758.8250932448799	92497851.21867836	0.0	0.0	0.0	0.0	1595974307.7993357	209473.13267949375	259675278.23878375	0.0	0.0	0.0	0.0	871404427237.0343	47875895.084825456	55292436.11173122	0.0	0.0	0.0	0.0	21206909660.54254	44148.60928575552	0.0	0.0	0.0	0.0	0.0	278325343.4269073	18183562.555087976	98158373.50202438	0.0	0.0	0.0	0.0	43597861362.82548	0.0	2927614768.6231413	0.0	0.0	0.0	0.0	425659435568.4636	46315415.84799853	747415909.9323721	0.0	0.0	0.0	0.0	31366314442.68208	93262873.57615684	100232276.50055304	0.0	0.0	0.0	0.0	10377502464.405348	75258051.83398263	29660950.746502846	0.0	0.0	0.0	0.0	10045567823.822004	83940612.71089914	58146298.96859082	0.0	0.0	0.0	0.0	1446362626.578596	12868454.707346303	35327660.401890405	0.0	0.0	0.0	0.0	28077791254.18104	1914467.252383709	263817.57980347046	0.0	0.0	0.0	0.0	231733007.3516797	0.0	0.0	0.0	0.0	0.0	0.0	3204942374.616388	0.0	53.48798813912017	0.0	0.0	0.0	0.0	192884159846.34244	0.0	0.0	0.0	0.0	0.0	0.0	20602137996.63606	0.0	0.0	0.0	0.0	0.0	0.0	338075480801.7958	16446.47059797775	89386861.9187374	0.0	0.0	0.0	0.0	88151041517.63834	0.0	2746564.8752028686	0.0	0.0	0.0	0.0	10491454558.292402	2601.682009189656	17961186.73198216	0.0	0.0	0.0	0.0	853543169207.448	8734.12131900146	200637755.64471516	0.0	0.0	0.0	0.0	4390246298.859627	71.98758953729215	5124852.7435532175	0.0	0.0	0.0	0.0
2003	6887118461.5601015	0.0	210372679.5315445	0.0	0.0	0.0	0.0	902080315.6942444	0.0	7107.83440471241	0.0	0.0	0.0	0.0	2752736000.0	0.0	1202786.2999955143	0.0	0.0	0.0	0.0	0.0	0.0	0.0	0.0	0.0	0.0	0.0	5310207718.903395	74884.63969756712	33971577.85548334	0.0	0.0	0.0	0.0	22775727960.284206	0.0	20122879.68912853	0.0	0.0	0.0	0.0	2698574469.1427083	0.0	14444021.009992544	0.0	0.0	0.0	0.0	1618023960.1603606	0.0	5236758.107174355	0.0	0.0	0.0	0.0	10371421615.054604	0.0	11802752.395991003	0.0	0.0	0.0	0.0	6316750347.012135	0.0	2007.6626940558156	0.0	0.0	0.0	0.0	32578502857.75841	0.0	279813656.68635166	0.0	0.0	0.0	0.0	3292016000.0	0.0	0.0	0.0	0.0	0.0	0.0	5397840000.0	0.0	0.0	0.0	0.0	0.0	0.0	2732425699.35674	0.0	2010005.654646032	0.0	0.0	0.0	0.0	71904000.0	0.0	344078.9896976034	0.0	0.0	0.0	0.0	16186001162.540232	20323.168795616693	3609588.569947073	0.0	0.0	0.0	0.0	2591244314.227475	0.0	112713.11067016984	0.0	11336.390953661228	0.0	0.0	72128000.0	0.0	1497.750889907338	0.0	0.0	0.0	0.0	3658093647.216426	23360.516186799927	144714231.7014012	0.0	0.0	0.0	0.0	0.0	0.0	0.0	0.0	0.0	0.0	0.0	1870422660.87793	0.0	425721924.77394336	0.0	0.0	0.0	0.0	11714627955.587889	11705.157985024092	193958757.3859709	0.0	0.0	0.0	0.0	5688558284.741599	5.469111296234894	19121141.93901135	0.0	0.0	0.0	0.0	10321592016.393276	0.0	2851879.752417212	0.0	5183.057065558801	0.0	0.0	4236544075.11238	0.0	4240.477372369927	0.0	0.0	0.0	0.0	2230611335.017968	20468.411723145116	12331039.459315475	0.0	0.0	0.0	0.0	165618344.9186594	0.0	2698017.1002658927	0.0	0.0	0.0	0.0	1378118938.7609658	0.0	239534206.0021232	0.0	0.0	0.0	0.0	61039452800.900665	18346252.721046165	133174697.69341576	0.0	0.0	0.0	0.0	1707685191.91558	232259.55851562097	292814988.46955043	0.0	0.0	0.0	0.0	839953816635.5544	4148093.341342201	55103228.504650906	0.0	0.0	0.0	0.0	17005623808.354916	22212.204607556057	0.0	0.0	0.0	0.0	0.0	308292849.0951003	14619.179837823038	15931414.393002624	0.0	0.0	0.0	0.0	45199986129.48874	0.0	6796171892.754475	0.0	0.0	0.0	0.0	430312429340.9127	4409491.063142038	750522589.9231143	0.0	0.0	0.0	0.0	31018630190.65333	259187687.649535	94259027.21207592	0.0	0.0	0.0	0.0	10919263536.747145	171979019.9167473	18862233.95096372	0.0	0.0	0.0	0.0	8883995951.933502	23144611.035181534	132801353.67756592	0.0	0.0	0.0	0.0	1606021175.313938	13169935.567245178	37348111.28556635	0.0	0.0	0.0	0.0	26981220950.823383	680260.8489463936	1878248.165147416	0.0	0.0	0.0	0.0	228136286.28620243	0.0	0.0	0.0	0.0	0.0	0.0	3189820768.8714347	0.0	276.7130579968332	0.0	0.0	0.0	0.0	195548292182.18225	0.0	0.0	0.0	0.0	0.0	0.0	20470438296.777584	0.0	0.0	0.0	0.0	0.0	0.0	347546470782.16046	18511.727660722678	84756285.98746471	0.0	0.0	0.0	0.0	88610752113.43108	0.0	2908017.79590927	0.0	0.0	0.0	0.0	9740371965.860483	2422.7841768359594	19400587.6901077	0.0	0.0	0.0	0.0	878016795530.5724	7715.9816412377795	211661095.03154472	0.0	0.0	0.0	0.0	4357881910.551572	106.48583184217242	9004854.62009595	0.0	0.0	0.0	0.0
2004	6623513977.595768	0.0	135122539.9122067	0.0	0.0	0.0	0.0	961503096.0342565	0.0	164047.55191869172	0.0	0.0	0.0	0.0	2880735705.505166	0.0	849311.1105156351	0.0	1547.9584039336858	0.0	0.0	0.0	0.0	0.0	0.0	0.0	0.0	0.0	5474726240.833331	90571.37382682603	97564086.44883148	0.0	0.0	0.0	0.0	22458268604.607807	0.0	27787397.98708128	0.0	0.0	0.0	0.0	3265137154.989494	0.0	12803232.89843758	0.0	0.0	0.0	0.0	1591379274.2100751	0.0	9057421.40736072	0.0	0.0	0.0	0.0	10353495268.214895	0.0	99362967.0064972	0.0	0.0	0.0	0.0	6085326607.470597	0.0	1973.0467496883225	0.0	0.0	0.0	0.0	32429804469.88752	0.0	310662267.94822973	0.0	0.0	0.0	0.0	3292016000.0	0.0	0.0	0.0	0.0	0.0	0.0	5271979971.609431	44.99295252294048	1.6397609273971832	0.0	0.0	0.0	0.0	2275786733.841498	0.0	7077111.20215157	0.0	0.0	0.0	0.0	71969352.34021844	85.76455856053552	353902.82240544783	0.0	0.0	0.0	0.0	10616157747.173088	81573.62110007112	3737789.259768352	0.0	0.0	0.0	0.0	2586886645.1068325	0.0	65400.140060145175	0.0	3660.422479075329	0.0	0.0	76944000.29213038	0.0	2777.957923368156	0.0	0.0	0.0	0.0	3711357028.362556	18285.68312743211	80462126.65664047	0.0	0.0	0.0	0.0	0.0	0.0	0.0	0.0	0.0	0.0	0.0	2090068259.3056529	0.0	12092522.048544828	0.0	0.0	0.0	0.0	11708378601.970615	12450.242191203452	166610121.13685563	0.0	0.0	0.0	0.0	5642102041.235312	9.349180568602836	18872780.048702866	0.0	0.0	0.0	0.0	12657947187.69988	0.0	4951307.519866118	0.0	169687.0239933707	0.0	0.0	3819610021.419296	0.0	8880.992780009265	0.0	0.0	0.0	0.0	2164983490.1421485	30854.43777217761	3807575.399952389	0.0	0.0	0.0	0.0	200633699.9334744	0.0	2751679.297216207	0.0	0.0	0.0	0.0	1170881148.4896796	0.0	38632388.30008147	0.0	0.0	0.0	0.0	64451884076.23216	36818068.05500352	125226832.50706875	0.0	0.0	0.0	0.0	1817774048.5486104	237847.1386632376	396935486.6017933	0.0	0.0	0.0	0.0	801266781400.7063	59510791.30953796	52901586.47704293	0.0	0.0	0.0	0.0	17924624099.030582	55734.92948522061	0.0	0.0	0.0	0.0	0.0	206943139.0387357	17921.36452028442	8892353.971454933	0.0	0.0	0.0	0.0	43980420572.41108	0.0	8018519327.16397	0.0	0.0	0.0	0.0	435905453165.2047	9253407.532846658	785455718.0676856	0.0	0.0	0.0	0.0	31018901575.13528	149921351.41055748	104919561.5937402	0.0	0.0	0.0	0.0	10163506593.973291	28873867.62848235	31208501.505636107	0.0	0.0	0.0	0.0	8065933457.761324	459444498.7919878	130754622.90367492	0.0	0.0	0.0	0.0	1810275835.641834	10263827.540865451	30879600.15655656	0.0	0.0	0.0	0.0	25966354735.162018	82.10662800432483	139129.99864655783	0.0	0.0	0.0	0.0	234869440.19520435	0.0	0.0	0.0	0.0	0.0	0.0	3004966066.8367906	0.0	1165.6323020891914	0.0	0.0	0.0	0.0	197604908756.49197	0.0	0.0	0.0	0.0	0.0	0.0	20055890652.1725	0.0	0.0	0.0	0.0	0.0	0.0	352806910262.19946	29689882.99627737	87343297.67814319	0.0	0.0	0.0	0.0	89281991208.04001	0.0	2883937.938780556	0.0	0.0	0.0	0.0	9944793673.548876	3516.223794763183	17239172.846138895	0.0	0.0	0.0	0.0	905748006271.1152	11213.05127295009	284959007.11811864	0.0	0.0	0.0	0.0	4392819739.647953	145.73618979680907	5758480.825185111	0.0	0.0	0.0	0.0
2005	7290882089.08406	0.0	228944000.82036465	0.0	0.0	0.0	0.0	948277726.9695436	0.0	7107.757510617235	0.0	0.0	0.0	0.0	2814116997.6538944	293093.43907042645	1165733.6271498697	0.0	0.0	0.0	0.0	0.0	0.0	0.0	0.0	0.0	0.0	0.0	5662972345.064162	307669.208326226	41327298.5624621	0.0	0.0	0.0	0.0	23277058312.13652	0.0	42003129.71529076	0.0	0.0	0.0	0.0	3696989845.179744	0.0	18592057.924279056	0.0	0.0	0.0	0.0	1401995099.703153	0.0	5948656.421696105	0.0	0.0	0.0	0.0	10481735193.757471	0.0	13125047.685744576	0.0	0.0	0.0	0.0	5977322306.957709	0.0	1196.9653207795548	0.0	0.0	0.0	0.0	32805772407.94951	0.0	691014.9645215779	0.0	0.0	0.0	0.0	3292016000.0	0.0	0.0	0.0	0.0	0.0	0.0	5581514683.619939	40.6135876344266	1.3854868304748205	0.0	0.0	0.0	0.0	4452729082.794762	0.0	2968713.236653475	0.0	0.0	0.0	0.0	76464190.5988638	125.51156275577944	402016.20569218055	0.0	0.0	0.0	0.0	18302973057.09792	81437.24427247909	3350852.8130960064	0.0	0.0	0.0	0.0	2674790314.952383	0.0	115972.52039727442	0.0	17286.794590733305	0.0	0.0	73584000.0929904	0.0	1975.951294818273	0.0	0.0	0.0	0.0	3712974551.075124	17921.261864639822	64683875.75618885	0.0	0.0	0.0	0.0	0.0	0.0	0.0	0.0	0.0	0.0	0.0	2036589726.849496	0.0	425755838.8411772	0.0	0.0	0.0	0.0	11517281118.944887	21543.57236384604	275183589.3814544	0.0	0.0	0.0	0.0	5689247230.681252	0.7182733116854312	21519202.259426232	0.0	0.0	0.0	0.0	12860204712.157928	0.0	5795262.658279671	0.0	375365.150323145	0.0	0.0	4228054192.914969	0.0	8151.671262912518	0.0	0.0	0.0	0.0	2625234979.2196198	40432.435936710775	51841.2233574132	0.0	0.0	0.0	0.0	284504710.1392788	0.0	3233497.449547938	0.0	0.0	0.0	0.0	1909424438.514131	0.0	266379933.27920493	0.0	0.0	0.0	0.0	70450295892.33087	11745575.963341735	163781286.7604783	0.0	0.0	0.0	0.0	1935836405.1225076	274776.7275303837	447447164.2579064	0.0	0.0	0.0	0.0	771685393897.06	62808860.911394976	106926836.93922472	0.0	0.0	0.0	0.0	11669401435.09967	51422.51735016025	0.0	0.0	0.0	0.0	0.0	236294269.94638097	25388.576722500937	16622065.811807629	0.0	0.0	0.0	0.0	45630320450.01432	0.0	8003756194.6930275	0.0	0.0	0.0	0.0	442913277486.02936	12101003.762139928	718182293.1307307	0.0	0.0	0.0	0.0	30984892108.10283	255149895.9203213	119975916.83008212	0.0	0.0	0.0	0.0	7542811347.201826	35865311.45135768	339214436.2312908	0.0	0.0	0.0	0.0	7307726229.916424	27359452.108349264	162107435.85716042	0.0	0.0	0.0	0.0	1897922547.8560607	10757606.08974055	33721310.421783686	0.0	0.0	0.0	0.0	24966964615.100105	67.90151239939307	15827.86072008732	0.0	0.0	0.0	0.0	181488400.11893675	0.0	0.0	0.0	0.0	0.0	0.0	3208216307.7871614	0.0	4220.9954341867615	0.0	0.0	0.0	0.0	198448683284.5445	0.0	0.0	0.0	0.0	0.0	0.0	17495605039.813683	0.0	0.0	0.0	0.0	0.0	0.0	355942276473.8494	27843.506548243146	92775155.23940822	0.0	0.0	0.0	0.0	88367045070.33122	0.0	3111007.562085439	0.0	0.0	0.0	0.0	11646702146.39906	3485.5191671618013	18424025.264486574	0.0	0.0	0.0	0.0	929714405743.5612	10420.12457349864	228472037.8552653	0.0	0.0	0.0	0.0	5591286554.94181	113.17733944426348	28257291.099671684	0.0	0.0	0.0	0.0
2006	7753162591.769993	0.0	216362290.28502265	0.0	0.0	0.0	0.0	1035266299.3406304	0.0	218554.9525089536	0.0	0.0	0.0	0.0	2981690101.632624	229605.9976244053	4483934.136418733	0.0	0.0	0.0	0.0	8288000.0	0.0	0.0	0.0	0.0	0.0	0.0	5920787203.764711	258150.2988048597	39431499.8836281	0.0	0.0	0.0	0.0	28349317487.23053	0.0	68258796.64917247	0.0	0.0	0.0	0.0	4070950413.0249705	0.0	55786962.51027378	0.0	0.0	0.0	0.0	1378219512.4040065	0.0	6738392.008171099	0.0	0.0	0.0	0.0	10622230009.444582	0.0	105762994.88076748	0.0	0.0	0.0	0.0	6673718299.869767	0.0	418.1141557452346	0.0	0.0	0.0	0.0	30265249127.71984	0.0	484311.1373588049	0.0	0.0	0.0	0.0	3332587679.725036	0.0	83178334.5678716	0.0	0.0	0.0	0.0	5128007898.186004	36.787957171842336	39.28686249278185	0.0	0.0	0.0	0.0	4795651404.926454	0.0	2014471.231897432	0.0	0.0	0.0	0.0	80802960.39188613	92.64086564832434	589594.5650507433	0.0	0.0	0.0	0.0	21956611009.30614	103237.53584488892	4708484.685320691	0.0	0.0	0.0	0.0	2755786478.9671254	0.0	226178.72023534117	0.0	0.0	0.0	0.0	73808000.34350729	0.0	0.0001262051181437	0.0	0.0	0.0	0.0	3572476875.110565	17873.442441907682	108936930.9475856	0.0	0.0	0.0	0.0	0.0	0.0	0.0	0.0	0.0	0.0	0.0	2122244473.12272	0.0	466995644.738714	0.0	0.0	0.0	0.0	11971635329.375511	21900.82226860133	191663918.4722221	0.0	0.0	0.0	0.0	5713216560.054551	2179.482981031518	20145909.93378459	0.0	0.0	0.0	0.0	12135891198.74245	0.0	4547685.736515614	0.0	242750.23786518764	0.0	0.0	4383792744.987587	0.0	17660.599784457783	0.0	0.0	0.0	0.0	2316732984.990043	20937.202047696806	422930.7175953852	0.0	0.0	0.0	0.0	331979306.73424417	0.0	15834664.31860461	0.0	0.0	0.0	0.0	2235550818.142248	0.0	242506813.69490635	0.0	0.0	0.0	0.0	59094263648.5582	359.5669534340748	148762903.58373323	0.0	0.0	0.0	0.0	2408520567.3511744	282609.7183995789	470037708.2860554	0.0	0.0	0.0	0.0	759189403567.3754	34753138.66958056	230463028.2086092	0.0	0.0	0.0	0.0	10712856100.907438	42230.875293882455	0.0	0.0	0.0	0.0	0.0	237756299.1757935	38925.96756645659	41215187.37024204	0.0	0.0	0.0	0.0	45565811201.29161	0.0	5342008691.5109	0.0	0.0	0.0	0.0	450887932324.1008	20043133.547196493	809857219.5219184	0.0	0.0	0.0	0.0	30720677481.64376	41574788.76714485	160373758.71095255	0.0	0.0	0.0	0.0	8073581805.576905	28728.02270603023	687637318.6854485	0.0	0.0	0.0	0.0	8642368305.730965	34215678.411172494	196808021.6627825	0.0	0.0	0.0	0.0	1944661607.6550329	11822367.781523705	36212617.32728222	0.0	0.0	0.0	0.0	24061795893.71412	36109.04550121409	2214881.3689073366	0.0	0.0	0.0	0.0	129614821.3777109	0.0	0.0	0.0	0.0	0.0	0.0	3019953048.27292	0.0	1143774.476581847	0.0	0.0	0.0	0.0	200780901568.2691	0.0	0.0	0.0	0.0	0.0	0.0	16371554857.969606	0.0	0.0	0.0	0.0	0.0	0.0	359868234659.5671	169141.56921064708	98438486.16356193	0.0	0.0	0.0	0.0	89406683374.40327	0.0	2478751.1026947726	0.0	0.0	0.0	0.0	13903565576.250357	3875.7234462763113	20746293.18621404	0.0	0.0	0.0	0.0	948757789866.202	20756.01231516896	302840092.78713125	0.0	0.0	0.0	0.0	5546437909.511715	111.23511886560117	31500463.697346568	0.0	0.0	0.0	0.0
2007	7317729372.65521	0.0	146246682.24021	0.0	0.0	0.0	0.0	1745963865.4595938	0.0	419050.5677629623	0.0	0.0	0.0	0.0	2847413595.2170405	4381.441885509979	1173511.4484440098	0.0	0.0	0.0	0.0	13241126.928922672	0.0	5202.609618048815	0.0	0.0	0.0	0.0	6204023772.083651	263964.12870096776	17690692.47682794	0.0	0.0	0.0	0.0	31180314004.34193	0.0	122555990.56584989	0.0	0.0	0.0	0.0	4800323453.079677	0.0	33808534.986929715	0.0	0.0	0.0	0.0	1784646927.8059149	0.0	2207699.88244146	0.0	0.0	0.0	0.0	10532312889.174204	0.0	114286637.21070762	0.0	0.0	0.0	0.0	6024173716.191794	0.0	2040.3395937157288	0.0	0.0	0.0	0.0	28593671870.84792	0.0	1233384.8060391932	0.0	0.0	0.0	0.0	3723228177.144922	0.0	728688.7528813934	0.0	0.0	0.0	0.0	4948721892.026462	21.907726316457783	44209.6649353189	0.0	0.0	0.0	0.0	5158019279.830803	0.0	2729398.400388184	0.0	0.0	0.0	0.0	111489791.4606112	84.5398539335193	608773.7298837855	0.0	0.0	0.0	0.0	30469161419.675404	94114.862699204	3997016.9169341777	0.0	0.0	0.0	0.0	2686994126.6927085	0.0	512330.4922842837	0.0	0.0	0.0	0.0	65856003.15178193	0.0	17064152.709171478	0.0	0.0	0.0	0.0	3485429265.1775246	18596.61039638847	121739536.32863411	0.0	0.0	0.0	0.0	0.0	0.0	0.0	0.0	0.0	0.0	0.0	2045719712.179002	0.0	562494514.0360171	0.0	0.0	0.0	0.0	11757507570.67363	22708.966215036828	241408164.9160425	0.0	0.0	0.0	0.0	5826508461.634505	4166.564899497847	18580868.1348866	0.0	0.0	0.0	0.0	12585175264.3044	0.0	1993317.298111341	0.0	0.0	0.0	0.0	7014922334.36924	0.0	62691.11980290695	0.0	0.0	0.0	0.0	2680108747.070307	11000.870715281306	20248945.7631834	0.0	0.0	0.0	0.0	322996598.912779	0.0	3437998.3309371257	0.0	0.0	0.0	0.0	2928114631.0208187	0.0	449665344.1650246	0.0	0.0	0.0	0.0	66729008672.44692	363.164792289198	145284185.70077795	0.0	0.0	0.0	0.0	1959466560.2269807	291430.6255712332	531701084.5746691	0.0	0.0	0.0	0.0	695086483197.4141	35430343.58252922	149832704.44613323	0.0	0.0	0.0	0.0	11989694467.191208	20682.48760692068	0.0	0.0	0.0	0.0	0.0	205886893.6210833	38390.23311535834	1157367242.620141	0.0	0.0	0.0	0.0	46103917075.12357	0.0	6376149986.368262	0.0	0.0	0.0	0.0	454591526644.6841	73338232.87683848	868547616.4358673	0.0	0.0	0.0	0.0	30617451951.287304	38890554.78789487	159658409.65366107	0.0	0.0	0.0	0.0	8671787848.86313	20100592.874405697	334316778.0806501	0.0	0.0	0.0	0.0	8553475294.294811	290830906.6941577	161487263.0736549	0.0	0.0	0.0	0.0	1892701672.398677	12541796.404583097	57310699.30024995	0.0	0.0	0.0	0.0	23400182993.92953	452.3372367982964	2802793.002057956	0.0	0.0	0.0	0.0	115196010.40137264	0.0	0.0	0.0	0.0	0.0	0.0	2772372519.3342066	0.0	290168.3638803586	0.0	0.0	0.0	0.0	203046282818.02048	0.0	0.0	0.0	0.0	0.0	0.0	16520832295.751385	0.0	0.0	0.0	0.0	0.0	0.0	367270811380.8665	169623.52677461272	100743572.4638638	0.0	0.0	0.0	0.0	90210097224.07686	0.0	3166856.2172758104	0.0	0.0	0.0	0.0	16587961152.170588	8186.499885298432	26198462.237340286	0.0	0.0	0.0	0.0	950700919243.9816	17741.24894269273	297009716.04426134	0.0	0.0	0.0	0.0	5538089720.915092	83.1611539125924	29670310.07657776	0.0	0.0	0.0	0.0
2008	7858846599.320132	0.0	175753523.42305857	0.0	0.0	0.0	0.0	1999849077.3706129	0.0	1349151.8538686335	0.0	0.0	0.0	0.0	3002483459.7664294	238524.602611445	18328384.43974875	0.0	0.0	0.0	0.0	55398369.72200165	0.0	267001.83041158423	0.0	0.0	0.0	0.0	6521324783.21135	314422.6390697161	40089203.10314602	0.0	0.0	0.0	0.0	35349815217.6408	0.0	99618382.31152092	0.0	0.0	0.0	0.0	4725298405.116459	0.0	17312632.436939377	0.0	0.0	0.0	0.0	1841077618.4661584	0.0	10501458.305648496	0.0	0.0	0.0	0.0	10495678867.056004	0.0	74049198.05767275	0.0	0.0	0.0	0.0	6713047880.718524	0.0	1741700.631112201	0.0	0.0	0.0	0.0	30880226620.35938	0.0	1797450.7893452945	0.0	0.0	0.0	0.0	2954652865.8819013	0.0	98464792.57403636	0.0	0.0	0.0	0.0	4964843453.910888	21.951178625895288	40739.652867881225	0.0	0.0	0.0	0.0	4277674134.637399	0.0	3303988.323918413	0.0	0.0	0.0	0.0	105644284.35022455	98.67850465894006	665995.7801582617	0.0	0.0	0.0	0.0	36551684386.95541	84753.34020483811	4508673.584074538	0.0	0.0	0.0	0.0	2788144066.942988	0.0	203846.4104557627	0.0	0.0	0.0	0.0	72352003.15977564	0.0	11636164.7153371	0.0	0.0	0.0	0.0	3493014018.234867	12086.933841353455	142857398.08880162	0.0	0.0	0.0	0.0	0.0	0.0	0.0	0.0	0.0	0.0	0.0	2506385971.2044554	0.0	495310323.4316442	0.0	0.0	0.0	0.0	12042947314.44967	31572.19240941358	212209511.07863492	0.0	0.0	0.0	0.0	5757400504.380415	4685.111383057956	17691295.673819795	0.0	0.0	0.0	0.0	16075605188.84905	0.0	10375646.994591298	0.0	0.0	0.0	0.0	5014068771.7646885	0.0	56286.27746395239	0.0	0.0	0.0	0.0	2610806466.5742054	12812.636730823238	20766000.6048185	0.0	0.0	0.0	0.0	312819100.872351	0.0	6497531.77200391	0.0	0.0	0.0	0.0	3349156750.695752	0.0	380328740.0817545	0.0	0.0	0.0	0.0	74394576329.12793	344.3964889293743	136955728.66954753	0.0	0.0	0.0	0.0	1733926959.081345	224394.2223883648	611004879.9723387	0.0	0.0	0.0	0.0	636514283124.5375	115576077.06352971	237867906.3510973	0.0	0.0	0.0	0.0	12058891205.702948	36498.86022625082	0.0	0.0	0.0	0.0	0.0	159158491.59876055	98581.51389471145	385401501.7507613	0.0	0.0	0.0	0.0	45575209946.278885	0.0	10167243370.94761	0.0	0.0	0.0	0.0	459056053934.6431	22279124.016612533	848590466.9762151	0.0	0.0	0.0	0.0	29864401875.274536	34486238.52606288	125750251.34627366	0.0	0.0	0.0	0.0	7221998940.931519	2777567.238382842	280251238.387734	0.0	0.0	0.0	0.0	7254463048.255963	561927674.5578495	141713656.73063082	0.0	0.0	0.0	0.0	2396985136.804474	12293799.9433487	56124830.54730007	0.0	0.0	0.0	0.0	22326064980.232605	768656.0598068105	966668.4974683264	0.0	0.0	0.0	0.0	112870603.93583845	0.0	0.0	0.0	0.0	0.0	0.0	2883070518.0024614	0.0	313863.2705635937	0.0	0.0	0.0	0.0	203406252922.4385	0.0	0.0	0.0	0.0	0.0	0.0	19227829882.8438	0.0	0.0	0.0	0.0	0.0	0.0	373712251267.946	32100.71459751321	105589359.22673534	0.0	0.0	0.0	0.0	91783359036.87366	0.0	2294629.8875998785	0.0	0.0	0.0	0.0	16813381786.638592	9001.5417657108	32603096.70789862	0.0	0.0	0.0	0.0	973954413356.094	19881.631477039668	258411953.2660065	0.0	0.0	0.0	0.0	5684117762.824166	120.0419742272479	20400811.82467932	0.0	0.0	0.0	0.0
2009	7988834754.186891	0.0	160241113.74402928	0.0	0.0	0.0	0.0	2193039706.139772	0.0	838692.3337753153	0.0	0.0	0.0	0.0	3064393442.5583434	107923.5786572428	1420890.3477090967	0.0	0.0	0.0	0.0	100514004.5194701	0.0	645958.7851531187	0.0	0.0	0.0	0.0	7010110181.046746	157246.57605274385	88589865.21571226	0.0	0.0	0.0	0.0	32557676326.455883	0.0	84256188.63301642	0.0	0.0	0.0	0.0	4663043219.641109	0.0	74597507.35375127	0.0	0.0	0.0	0.0	1936606880.3144383	0.0	8356429.183523552	0.0	0.0	0.0	0.0	12514032984.387665	0.0	168185091.330428	0.0	0.0	0.0	0.0	6691154830.133112	0.0	4375155.786524497	0.0	0.0	0.0	0.0	31582243544.96872	0.0	2171757.679876368	0.0	0.0	0.0	0.0	2622961861.3893576	0.0	126849523.96108828	0.0	0.0	0.0	0.0	5164510468.848841	26.09198284236241	66680.60593687893	0.0	0.0	0.0	0.0	6435029536.847353	0.0	1674321.6401481924	0.0	0.0	0.0	0.0	138566254.04307413	140.46304586042712	764592.2723102377	0.0	0.0	0.0	0.0	35550787866.45629	117263.48183367128	8839280.047534788	0.0	0.0	0.0	0.0	2813965062.930392	0.0	532881.5995828493	0.0	0.0	0.0	0.0	80192002.60092284	0.0	10440659.84436531	0.0	0.0	0.0	0.0	3832509150.5170894	18519.15361388717	63495318.22133961	0.0	0.0	0.0	0.0	0.0	0.0	0.0	0.0	0.0	0.0	0.0	2425436516.3081546	0.0	609270231.8283383	0.0	0.0	0.0	0.0	12365683437.260971	44128.57625089096	234402039.25890455	0.0	0.0	0.0	0.0	5918269795.933138	8324.904302692486	21602711.824363768	0.0	0.0	0.0	0.0	15967825700.59492	0.0	8347279.149006183	0.0	186399.7808055397	0.0	0.0	4229044606.380127	0.0	38853.23050749298	0.0	0.0	0.0	0.0	2544170739.455765	25925.865827128997	27490179.283103727	0.0	0.0	0.0	0.0	375247324.6473028	0.0	8642452.910860328	0.0	0.0	0.0	0.0	4078119748.370083	0.0	936327447.772388	0.0	0.0	0.0	0.0	75835071105.24504	353.5513956641293	178848481.0168594	0.0	0.0	0.0	0.0	1877605818.9741907	244046.41286613332	551306314.1256583	0.0	0.0	0.0	0.0	601705031897.9746	58395816.39380385	295083103.2338567	0.0	0.0	0.0	0.0	12260902117.812847	48219.84245815352	0.0	0.0	0.0	0.0	0.0	158913885.34296748	351630.4113581012	186922208.39597267	0.0	0.0	0.0	0.0	50360861177.524925	0.0	11070694500.56955	0.0	0.0	0.0	0.0	465162758889.31067	28001866.63038063	945610695.0982128	0.0	0.0	0.0	0.0	29691668342.100037	27692450.384951968	119245769.31883912	0.0	0.0	0.0	0.0	6066686296.189687	44528576.32013276	164077502.08374718	0.0	0.0	0.0	0.0	7206396070.169538	73559864.82461584	60757196.52032481	0.0	0.0	0.0	0.0	2464504064.5153003	11232123.0105793	52038989.10181222	0.0	0.0	0.0	0.0	21495961630.926144	459175.7729271316	157216.30854339062	0.0	0.0	0.0	0.0	59214735.75649611	0.0	0.0	0.0	0.0	0.0	0.0	3030513787.360172	0.0	206617.9561471525	0.0	0.0	0.0	0.0	190926921344.3003	0.0	0.0	0.0	0.0	0.0	0.0	18955863751.65312	0.0	0.0	0.0	0.0	0.0	0.0	377990810514.03406	424414.2890128784	132649424.14985998	0.0	0.0	0.0	0.0	95448600111.39096	0.0	2899209.7094785757	0.0	0.0	0.0	0.0	17265713654.42344	9052.519569164053	26147273.72538655	0.0	0.0	0.0	0.0	999214592090.7284	23122.00300157934	276297027.63003135	0.0	0.0	0.0	0.0	5731573538.736704	1000.4575432837122	21956014.24380588	0.0	0.0	0.0	0.0
2010	8861761886.519962	0.0	6786432.901028543	0.0	0.0	0.0	0.0	3657984817.98924	0.0	27002.07020079502	0.0	0.0	0.0	0.0	3337633205.678009	48.88015789122596	345.09305637563585	0.0	0.0	0.0	0.0	60332650.00439115	0.0	180702.2364477852	0.0	0.0	0.0	0.0	7259755877.16872	244949.36764649977	130393425.90474927	0.0	0.0	0.0	0.0	37525436326.59155	0.0	122111374.84109472	0.0	0.0	0.0	0.0	4993752945.825865	0.0	9136253.910461515	0.0	0.0	0.0	0.0	1996325699.9267447	0.0	52390.65737004958	0.0	0.0	0.0	0.0	12898736730.276451	0.0	165467285.605241	0.0	0.0	0.0	0.0	7512835820.384861	0.0	10081299.030951817	0.0	0.0	0.0	0.0	36729788317.95631	0.0	1228469.9579085456	0.0	0.0	0.0	0.0	2828839406.7786856	0.0	134344956.34901616	0.0	0.0	0.0	0.0	5550229188.055843	12.52980677920369	0.0	0.0	0.0	0.0	0.0	7353752818.160739	0.0	3375401.7107247934	0.0	0.0	0.0	0.0	134602819.7633129	147.63675981846666	1471120.6391275767	0.0	0.0	0.0	0.0	34880162295.890526	0.0	13574175.276433203	0.0	0.0	0.0	0.0	2710986287.484454	0.0	360379.6517817502	0.0	4281.093795942369	0.0	0.0	101148777.31469384	0.0	2898102.756770688	0.0	0.0	0.0	0.0	2872649144.670532	20906.357320274205	63176580.72125532	0.0	0.0	0.0	0.0	3472025.119809952	0.0	0.0	0.0	0.0	0.0	0.0	2821714675.835676	0.0	889664373.4405019	0.0	0.0	0.0	0.0	13788563169.82618	48921.87393713385	241606568.1503322	0.0	0.0	0.0	0.0	3991092608.731826	0.0	31287055.34010076	0.0	0.0	0.0	0.0	16604012733.1309	0.0	127356316.71188924	0.0	0.0	0.0	0.0	4609864916.52745	0.0	26747.232741457086	0.0	0.0	0.0	0.0	2596726361.971376	5920.527793987228	39220111.074600056	0.0	0.0	0.0	0.0	552822466.2029899	0.0	12440222.93181683	0.0	0.0	0.0	0.0	5630235409.012644	0.0	741474744.248086	0.0	0.0	0.0	0.0	92824181664.91264	101.18332920946258	193650005.05335933	0.0	0.0	0.0	0.0	2585562523.347865	856048.0429135169	2028210626.0611272	0.0	0.0	0.0	0.0	554796033910.1635	1342.0210083317704	564168070.3551857	0.0	0.0	0.0	0.0	11561383573.837854	40693.69385582599	0.0	0.0	0.0	0.0	0.0	257341012.4810284	17985895.775996983	289331731.10519624	0.0	0.0	0.0	0.0	55012616079.07618	0.0	16942395775.756563	0.0	0.0	0.0	0.0	470818471506.061	0.0	0.0	0.0	0.0	0.0	0.0	30161000592.43897	41134619.35345675	382919891.3885144	0.0	0.0	0.0	0.0	6647829520.856039	15005.506608559732	831481011.5307499	0.0	0.0	0.0	0.0	6827781759.4664	0.0	118130023.805931	0.0	0.0	0.0	0.0	2837936557.755209	19631455.80180313	36422888.27928765	0.0	0.0	0.0	0.0	20840310479.261078	658.9677983465492	910706.197934829	0.0	0.0	0.0	0.0	69885299.49198137	0.0	0.0	0.0	0.0	0.0	0.0	3374518258.089504	0.0	40936.37100176532	0.0	0.0	0.0	0.0	190823311417.3028	0.0	0.0	0.0	0.0	0.0	0.0	17658567382.10811	0.0	0.0	0.0	0.0	0.0	0.0	388042275763.4493	17868415.651960064	127584940.9199817	0.0	0.0	0.0	0.0	97046439463.76624	0.0	2640655.507607796	0.0	0.0	0.0	0.0	19069627835.206142	9258.71509106344	26303049.575304173	0.0	0.0	0.0	0.0	1018280333508.4242	21011.54028343632	253554254.3987053	0.0	0.0	0.0	0.0	5759020095.782566	866.5530213070954	21117748.80199248	0.0	0.0	0.0	0.0
2011	8568186562.277021	0.0	11739700.545103151	0.0	0.0	0.0	0.0	2874872661.0790496	0.0	13205012.22975497	0.0	0.0	0.0	0.0	3506041838.9922485	54.93593634868572	725.261681746805	0.0	0.0	0.0	0.0	69187573.54828669	0.0582096247457039	1089463.1577595249	0.0	0.0	0.0	0.0	7450384527.004482	269354.2490203755	218929970.13936168	0.0	0.0	0.0	0.0	34396886969.04929	0.0	104751288.10867688	0.0	0.0	0.0	0.0	4731694009.830461	0.0	8875473.950799285	0.0	0.0	0.0	0.0	1718150229.4339168	0.0	56767.0868397043	0.0	0.0	0.0	0.0	13387627973.129543	0.0	153770917.46379882	0.0	0.0	0.0	0.0	6433308756.651487	0.0	4453423.5500692045	0.0	0.0	0.0	0.0	29726258082.205414	0.0	732887.2633537306	0.0	0.0	0.0	0.0	3672103727.108779	0.0	120018502.58014578	0.0	0.0	0.0	0.0	5416930512.771836	40.17947422722032	450879.4805601638	0.0	0.0	0.0	0.0	8532679439.06516	1571.2483909774794	1594731.8364629848	0.0	0.0	0.0	0.0	111880213.4503793	25.321775322608936	1785551.9403057457	0.0	0.0	0.0	0.0	22835922198.915714	0.0	877518.4010478966	0.0	0.0	0.0	0.0	2693167495.226017	0.0	540184.1569217475	0.0	0.0	0.0	0.0	106913400.56812096	0.0	13381037.519975306	0.0	0.0	0.0	0.0	2969567856.8575654	15432.951839425028	18763855.90165861	0.0	0.0	0.0	0.0	3388716.686763912	0.0	1652.0940987563677	0.0	0.0	0.0	0.0	2899649542.761268	0.0	984946123.4422456	0.0	0.0	0.0	0.0	14262030681.927294	39923.63949050771	248168918.95774537	0.0	0.0	0.0	0.0	4044528192.359598	0.0	27191363.083277214	0.0	0.0	0.0	0.0	14864886273.84802	0.0	11624269.24982196	0.0	0.0	0.0	0.0	6707063149.943077	0.0	27201.020895896665	0.0	0.0	0.0	0.0	2610401562.878246	4995.364679824488	14591592.999960903	0.0	0.0	0.0	0.0	615760127.519828	0.0	6187395.826153782	0.0	0.0	0.0	0.0	4878962930.964224	0.0	1006668580.3253388	0.0	0.0	0.0	0.0	94590766380.31052	2766912.5794557654	181636298.7740395	0.0	0.0	0.0	0.0	3212334332.22728	1277253.1517215278	1550469093.0748656	0.0	0.0	0.0	0.0	515162906121.2155	1470.7074803483413	752760406.4630449	0.0	0.0	0.0	0.0	12775338675.644852	0.0	0.0	0.0	0.0	0.0	0.0	345292538.1248491	13577921.225197565	439285148.9479805	0.0	0.0	0.0	0.0	45770854156.42467	0.0	14816609387.210457	0.0	0.0	0.0	0.0	480923937013.5096	0.0	0.0	0.0	0.0	0.0	0.0	29500446829.055515	73457046.01890063	463002469.10523736	0.0	0.0	0.0	0.0	6618120737.14846	7897.050526186236	954219605.7220649	0.0	0.0	0.0	0.0	6354399022.5491295	0.0	195141402.93752292	0.0	0.0	0.0	0.0	2491933948.019287	14584087.033352856	55868317.49032383	0.0	0.0	0.0	0.0	16577896675.265127	899.2160943194227	1401680.623001194	0.0	0.0	0.0	0.0	90119364.4797469	0.0	0.0	0.0	0.0	0.0	0.0	2971428365.1967697	0.0	9982.375105473482	0.0	0.0	0.0	0.0	184035462322.87723	0.0	0.0	0.0	0.0	0.0	0.0	16756499764.11078	0.0	0.0	0.0	0.0	0.0	0.0	389253442491.14325	280992071.8437891	144295999.54485175	0.0	0.0	0.0	0.0	97613649282.90242	0.0	2862443.139808684	0.0	0.0	0.0	0.0	19501561980.742195	9619.801631639311	20659763.217952214	0.0	0.0	0.0	0.0	1048663093781.1451	18853.38272694954	262958448.3544061	0.0	0.0	0.0	0.0	5444856546.409449	1132.6391602697624	16888979.62584593	0.0	0.0	0.0	0.0
2012	9121895614.897087	0.0	8917465.536942909	0.0	0.0	0.0	0.0	3368353057.75351	0.0	3469867.1292635896	0.0	0.0	0.0	0.0	3571222573.3119974	238.1618905331675	11.942423269077858	0.0	0.0	0.0	0.0	50676179.05193479	0.044449318893836	180066.81551209118	0.0	0.0	0.0	0.0	7808831545.363962	277448.7948558389	177148446.61844403	0.0	0.0	0.0	0.0	40689690613.27247	0.0	65383127.96778432	0.0	0.0	0.0	0.0	4670583108.955534	0.0	9778388.112928376	0.0	0.0	0.0	0.0	1851562191.9333315	0.0	33201.08937807092	0.0	0.0	0.0	0.0	13210180434.244925	0.0	130148413.27137367	0.0	0.0	0.0	0.0	6976514185.419866	0.0	6750904.559304745	0.0	0.0	0.0	0.0	33799966353.88182	0.0	592961.9781793001	0.0	0.0	0.0	0.0	4305023496.6044	0.0	211936510.07748485	0.0	0.0	0.0	0.0	5428209258.465643	53.193819132340266	402419.0386312804	0.0	0.0	0.0	0.0	9296543255.85882	217412155.535662	56696171.31369425	0.0	0.0	0.0	0.0	158732904.0965401	72.57785638468289	1544207.766489736	0.0	0.0	0.0	0.0	32280931917.86956	0.0	14897280.083793692	0.0	0.0	0.0	0.0	2672499245.615426	0.0	338255.8913358228	0.0	8749.23830970989	0.0	0.0	90571288.22499478	0.0	4162611.875733137	0.0	0.0	0.0	0.0	3175737719.977636	19939.34979366309	19768436.3930054	0.0	0.0	0.0	0.0	4536577.947733625	0.0	0.0	0.0	0.0	0.0	0.0	2885565698.2965174	0.0	1066288015.578095	0.0	0.0	0.0	0.0	14075580692.623425	38483.07290078519	173793450.5761004	0.0	0.0	0.0	0.0	4177521875.297025	0.0	28428911.857127093	0.0	0.0	0.0	0.0	15496141485.275255	0.0	99121905.34879622	0.0	0.0	0.0	0.0	8330814537.807478	0.0	11432.84861050213	0.0	0.0	0.0	0.0	2545799564.993448	74371.21470935525	18112514.083180744	0.0	0.0	0.0	0.0	730441678.6277107	0.0	9139505.360214598	0.0	0.0	0.0	0.0	4898741625.622461	0.0	753003934.5932617	0.0	0.0	0.0	0.0	93823004145.31905	2510346.4494887874	260236824.9017948	0.0	0.0	0.0	0.0	2693065469.5329165	876451.0544816791	2066621668.3318748	0.0	0.0	0.0	0.0	470809228736.96857	1624.0660770674176	1759878189.979759	0.0	0.0	0.0	0.0	11887349248.905678	0.0	0.0	0.0	0.0	0.0	0.0	536427286.5268728	12973884.283569248	387931288.1826477	0.0	0.0	0.0	0.0	45632007205.92385	0.0	13604591231.43837	0.0	0.0	0.0	0.0	481951116091.9857	0.0	0.0	0.0	0.0	0.0	0.0	29868516270.052357	22039277.984196853	203154167.51229584	0.0	0.0	0.0	0.0	7533722541.197566	12051.004259222906	867743883.6902902	0.0	0.0	0.0	0.0	6305929257.95786	9.568217990524367	50967137.315482765	0.0	0.0	0.0	0.0	2746421246.7152	16151601.012239369	66086112.78866236	0.0	0.0	0.0	0.0	16252142709.288391	329.73459366485224	10202704.823007643	0.0	0.0	0.0	0.0	139644782.96190143	0.0	0.0	0.0	0.0	0.0	0.0	3087270031.081371	0.0	4190.206747112806	0.0	0.0	0.0	0.0	172573495836.94025	0.0	0.0	0.0	0.0	0.0	0.0	15684717318.777256	0.0	0.0	0.0	0.0	0.0	0.0	387211516833.4428	53237.24983699498	144477384.49712807	0.0	0.0	0.0	0.0	109073959532.45906	0.0	3688761.984994204	0.0	0.0	0.0	0.0	20313685862.85228	10752.566423039734	19258507.88243012	0.0	0.0	0.0	0.0	1048029482908.5328	15920.574997549164	121816358.88963357	0.0	0.0	0.0	0.0	5410562920.116382	267.30517148557084	15679218.030450683	0.0	0.0	0.0	0.0
2013	9331480140.83037	0.0	11601903.81755454	0.0	0.0	0.0	0.0	3699133854.063896	0.0	21247128.50013718	0.0	0.0	0.0	0.0	3533444136.9331	421.1145489020832	41.40713921274149	0.0	0.0	0.0	0.0	41970548.56268149	0.0	963940.8773395593	0.0	0.0	0.0	0.0	8077518263.962652	281046.38601607434	105262919.97985832	0.0	0.0	0.0	0.0	41123652107.37288	0.0	74746248.30440572	0.0	0.0	0.0	0.0	4779198466.603146	0.0	13224403.982616112	0.0	0.0	0.0	0.0	1770209289.3947074	0.0	15488.112546077462	0.0	0.0	0.0	0.0	12791383904.921097	0.0	135558952.08896333	0.0	0.0	0.0	0.0	6480427842.957888	0.0	9576048.771332068	0.0	0.0	0.0	0.0	37340976396.72583	0.0	647754.5424620322	0.0	0.0	0.0	0.0	3732375591.943675	0.0	210158841.3497798	0.0	0.0	0.0	0.0	5402778764.686124	0.0	1457616.3387999237	0.0	0.0	0.0	0.0	9553664632.243294	312498273.7053176	3112574.6234269114	0.0	0.0	0.0	0.0	141362111.38830626	2.8885266490809807	602959.6455198884	0.0	0.0	0.0	0.0	32334101629.59586	0.0	25194512.010368437	0.0	0.0	0.0	0.0	2552428657.643492	0.0	320843.7872373411	0.0	1009.6005862953464	0.0	0.0	105316984.656243	3.646454715990929	3016246.124698132	0.0	0.0	0.0	0.0	2840393007.371022	11637.060576506645	177404702.9975924	0.0	0.0	0.0	0.0	4079679.656894396	0.0	0.0	0.0	0.0	0.0	0.0	2669007418.49418	0.0	1075412524.6097124	0.0	0.0	0.0	0.0	14354886173.667694	43662.882614760056	219440466.8509303	0.0	0.0	0.0	0.0	4389232003.652821	0.0	33427278.033974152	0.0	0.0	0.0	0.0	14623854559.97054	0.0	75408712.44894768	0.0	0.0	0.0	0.0	5915450784.595563	0.0	16421.87857229514	0.0	0.0	0.0	0.0	2624229294.0060897	83282.07395770663	12718154.434091926	0.0	0.0	0.0	0.0	631024517.9994218	0.0	12708855.48978859	0.0	0.0	0.0	0.0	5227583135.747742	0.0	649584634.827433	0.0	0.0	0.0	0.0	117313770916.79544	2759.7556229255174	196117464.4928752	0.0	0.0	0.0	0.0	3055712614.396188	1234800.5678693596	1991785842.9450884	0.0	0.0	0.0	0.0	430229421037.7685	1875.873160547472	1333171505.9409657	0.0	0.0	0.0	0.0	13312623003.952984	0.0	0.0	0.0	0.0	0.0	0.0	756616393.9597055	18053193.552895963	565167736.9057521	0.0	0.0	0.0	0.0	44016553294.90296	0.0	16146326258.79618	0.0	0.0	0.0	0.0	485823672585.0939	0.0	0.0	0.0	0.0	0.0	0.0	29257043580.90451	31024165.452741116	254583484.6145109	0.0	0.0	0.0	0.0	7446826637.869592	9382.962999258172	1334292670.1062202	0.0	0.0	0.0	0.0	6301686205.496405	14.540981843708076	72437508.45265907	0.0	0.0	0.0	0.0	2961742736.0257444	15479134.558525424	48107468.66831028	0.0	0.0	0.0	0.0	15540748722.3689	18.12451430923543	39741671.20294164	0.0	0.0	0.0	0.0	98610320.043973	0.0	0.0	0.0	0.0	0.0	0.0	2438510515.18453	0.0	963.8286223008628	0.0	0.0	0.0	0.0	159948130072.9023	0.0	0.0	0.0	0.0	0.0	0.0	14609846200.305893	0.0	0.0	0.0	0.0	0.0	0.0	396237500248.7731	84629.7995441459	207520282.12529612	0.0	0.0	0.0	0.0	113399766315.68867	0.0	3834000.932318125	0.0	0.0	0.0	0.0	19571041643.203587	12114.952483377176	26501678.12770124	0.0	0.0	0.0	0.0	1081895120145.3094	18038.28501498679	249416228.47630912	0.0	0.0	0.0	0.0	5489724704.85281	217.04310750512585	22542368.663430825	0.0	0.0	0.0	0.0
2014	8663707948.88264	0.0	14184746.265971258	0.0	0.0	0.0	0.0	3141828786.685523	0.0	17376351.561636228	0.0	0.0	0.0	0.0	3472803741.8573217	477.22007628022834	218.2203216152704	0.0	0.0	0.0	0.0	46722991.34388195	12.565254889936975	352193.6996229615	0.0	0.0	0.0	0.0	8319998062.229724	410293.6803211924	188856464.8580192	0.0	0.0	0.0	0.0	33482883332.01689	0.0	68724008.7817074	0.0	0.0	0.0	0.0	4637802134.954702	0.0	25329566.97366937	0.0	0.0	0.0	0.0	1751871932.0853074	0.0	45701.147545737775	0.0	0.0	0.0	0.0	13116055320.060295	0.0	133851524.2789796	0.0	0.0	0.0	0.0	7374064395.496278	0.0	17308824.177824143	0.0	0.0	0.0	0.0	30687537790.029846	0.0	769689.5399019577	0.0	0.0	0.0	0.0	3640933007.046119	0.0	312889764.96601844	0.0	0.0	0.0	0.0	4742602007.218138	0.0	1101150.7694100356	0.0	0.0	0.0	0.0	7747935969.084422	147787053.48575923	1181636.4106093189	0.0	0.0	0.0	0.0	127733325.30682483	2.2704561923527096	759048.4703789018	0.0	0.0	0.0	0.0	27531203736.87442	0.0	44082072.25780196	0.0	0.0	0.0	0.0	2406942519.3410683	0.0	658663.3335924649	0.0	8654.061670544288	0.0	0.0	138957007.58968616	3.059355297458544	17484092.058203366	0.0	0.0	0.0	0.0	2728339012.846233	10155.460769833187	44839523.41349161	0.0	0.0	0.0	0.0	5074715.238407442	0.0	0.0	0.0	0.0	0.0	0.0	2822135589.308412	0.0	1051917836.38178	0.0	0.0	0.0	0.0	12741712081.261696	39584.16314568258	171818841.78137413	0.0	0.0	0.0	0.0	4322129980.464533	0.0	28191479.94896201	0.0	0.0	0.0	0.0	14733587817.778631	0.0	105943810.60646696	0.0	0.0	0.0	0.0	6073208984.974043	0.0	25216.856231850827	0.0	0.0	0.0	0.0	2174249048.3390627	98209.71520927492	33627199.64272973	0.0	0.0	0.0	0.0	563827930.5885032	0.0	7708290.436182262	0.0	0.0	0.0	0.0	5670198090.11469	0.0	943938594.8751428	0.0	0.0	0.0	0.0	122882545741.03932	197647.8440615069	189736221.90580773	0.0	0.0	0.0	0.0	3791758357.671821	892847.8598888186	1675052468.5366714	0.0	0.0	0.0	0.0	433791605711.3632	1835.464414021289	1748631488.3304772	0.0	0.0	0.0	0.0	12877906104.314123	0.0	0.0	0.0	0.0	0.0	0.0	324406414.3995742	19138656.043466117	725993970.3333198	0.0	0.0	0.0	0.0	51559229946.74868	0.0	22195382111.435223	0.0	0.0	0.0	0.0	486348705977.54895	0.0	0.0	0.0	0.0	0.0	0.0	30227729508.271866	94066713.38556056	260741465.86773488	0.0	0.0	0.0	0.0	6263143703.240667	8614.239706560214	872695060.680565	0.0	0.0	0.0	0.0	6289617642.8866205	17.404439522914643	205085001.45989716	0.0	0.0	0.0	0.0	2673170399.080676	22811482.270468555	54360220.58931648	0.0	0.0	0.0	0.0	14675702782.546696	23.00488075087169	11895276.663620245	0.0	0.0	0.0	0.0	108739785.77692038	0.0	0.0	0.0	0.0	0.0	0.0	2099815122.092573	0.0	17988.27876064693	0.0	0.0	0.0	0.0	153162572932.71664	0.0	0.0	0.0	0.0	0.0	0.0	13812320633.308292	0.0	0.0	0.0	0.0	0.0	0.0	403742457171.29614	569427.9238062801	190800786.30238968	0.0	0.0	0.0	0.0	105352080395.69116	0.0	3907345.092234897	0.0	0.0	0.0	0.0	20618133437.68868	11726.015529132344	28975051.03856049	0.0	0.0	0.0	0.0	1114660522733.3848	20008.06216606616	315177792.3830597	0.0	0.0	0.0	0.0	5480953555.281219	228.4339996356852	17923439.584604234	0.0	0.0	0.0	0.0
2015	8712507131.257763	0.0	7908069.11822846	0.0	0.0	0.0	0.0	3193032189.2481427	0.0	14430450.696792442	0.0	0.0	0.0	0.0	3383928834.387916	858.9464623353545	387.9238493433838	0.0	0.0	0.0	0.0	80577426.76132216	0.0727652283963777	275155.1112070808	0.0	0.0	0.0	0.0	8371653044.417404	628766.3825853594	293333501.8360357	0.0	0.0	0.0	0.0	33554220825.375877	0.0	63365449.295146056	0.0	0.0	0.0	0.0	5458657129.133548	0.0	21405656.58001727	0.0	0.0	0.0	0.0	1697251410.5016794	0.0	4309.776282497458	0.0	0.0	0.0	0.0	12979546904.094316	0.0	158700437.9665338	0.0	0.0	0.0	0.0	6604853779.239585	0.0	17593760.519755144	0.0	0.0	0.0	0.0	33163144997.609333	0.0	857737.7072002416	0.0	0.0	0.0	0.0	3993478072.858448	0.0	132289846.14587311	0.0	0.0	0.0	0.0	5437543620.98056	0.0	6229065.553056172	0.0	0.0	0.0	0.0	8280707099.212801	346383437.5617319	15566358.787800947	0.0	0.0	0.0	0.0	159839759.15991184	6.02771824419234	1242845.7939660356	0.0	0.0	0.0	0.0	31177546831.47181	0.0	18342182.420485888	0.0	0.0	0.0	0.0	2376997996.24597	0.0	784703.1433745689	0.0	0.0	0.0	0.0	120389541.5490448	2.7811259881371164	20256461.2268766	0.0	0.0	0.0	0.0	2235160192.190534	9678.0236784686	126125205.36766304	0.0	0.0	0.0	0.0	5400967.696321711	0.0	0.0	0.0	0.0	0.0	0.0	3055499297.023921	0.0	1125189410.1281462	0.0	0.0	0.0	0.0	13335457845.61665	39503.17356281148	186657119.17263764	0.0	0.0	0.0	0.0	4534108011.500651	0.0	27626943.985791475	0.0	0.0	0.0	0.0	13980506872.712671	0.0	160226702.3925276	0.0	0.0	0.0	0.0	5715520307.939036	0.0	29692.847044316884	0.0	0.0	0.0	0.0	2454266352.231833	86679.8749889811	16061076.732076252	0.0	0.0	0.0	0.0	596158781.5046109	0.0	8988563.077769628	0.0	0.0	0.0	0.0	6199436985.473543	0.0	799287892.7645692	0.0	0.0	0.0	0.0	108247665146.02638	3135.221421390367	231408581.1320753	0.0	0.0	0.0	0.0	3034459287.0237684	985735.706699452	2158146304.960816	0.0	0.0	0.0	0.0	411228065239.68414	1003698.397134255	1711376193.207603	0.0	0.0	0.0	0.0	13067797077.428156	0.0	0.0	0.0	0.0	0.0	0.0	761155242.829559	17515464.998737946	940129354.3710916	0.0	0.0	0.0	0.0	50719382597.85036	0.0	22740617388.3059	0.0	0.0	0.0	0.0	485820316945.3588	0.0	0.0	0.0	0.0	0.0	0.0	29177138769.5474	8267442.689469839	598332517.4494748	0.0	0.0	0.0	0.0	5493092178.746673	4596.264892561629	468476777.9709296	0.0	0.0	0.0	0.0	5915294558.632862	16.06451391660638	263718200.34913683	0.0	0.0	0.0	0.0	2203625207.4618998	24590989.80375148	81603773.71766512	0.0	0.0	0.0	0.0	13209587968.769156	353.82842757513026	13713725.329416225	0.0	0.0	0.0	0.0	105597545.46964715	0.0	0.0	0.0	0.0	0.0	0.0	2265278151.057971	0.0	10823.90846707059	0.0	0.0	0.0	0.0	133235998146.25534	0.0	0.0	0.0	0.0	0.0	0.0	13629393977.789543	0.0	0.0	0.0	0.0	0.0	0.0	373389369810.8342	590960.6661070071	246776038.46225777	0.0	0.0	0.0	0.0	104430770659.89632	0.0	4039334.406987496	0.0	0.0	0.0	0.0	21063958421.400105	12456.75840114355	28900076.309451595	0.0	0.0	0.0	0.0	1131174902751.6892	24251.09993997185	354663644.345461	0.0	0.0	0.0	0.0	5637553550.150885	198.86071570788997	18256508.43101664	0.0	0.0	0.0	0.0
2016	8791834535.866207	0.0	3316589.3804192296	0.0	0.0	0.0	0.0	3125773308.229596	0.0	10539486.4265044	0.0	0.0	0.0	0.0	3573392658.3939824	967.036689906654	4627.941392306633	0.0	0.0	0.0	0.0	60887161.790177815	0.0	375005.99762972543	0.0	0.0	0.0	0.0	8525488010.835188	632759.3447305786	287540680.9565448	0.0	0.0	0.0	0.0	31785505369.02153	0.0	71363764.87051731	0.0	0.0	0.0	0.0	5631978610.42282	0.0	28638220.375686474	0.0	0.0	0.0	0.0	1812998365.0885465	0.0	152860.95587512036	0.0	0.0	0.0	0.0	9583410019.57948	0.0	153235459.17686903	0.0	0.0	0.0	0.0	7042592229.912485	0.0	8642246.125698857	0.0	0.0	0.0	0.0	34693849854.72865	0.0	647352.0194390409	0.0	0.0	0.0	0.0	3522771677.264209	0.0	110632073.41586952	0.0	0.0	0.0	0.0	5266465955.339749	0.0	11959789.974065924	0.0	0.0	0.0	0.0	8070330018.411311	423948277.2799199	12774027.380043784	0.0	0.0	0.0	0.0	163107012.43224287	4.053268565392568	1547726.5372854176	0.0	0.0	0.0	0.0	29918511797.263443	0.0	12326950.384176362	0.0	0.0	0.0	0.0	2350670266.884051	0.0	1545562.2836802108	0.0	0.0	0.0	0.0	138934874.51839894	2.195008012757757	4457598.632505684	0.0	0.0	0.0	0.0	2179567041.611505	9206.922367446672	94512657.81983398	0.0	0.0	0.0	0.0	25513357.341476604	0.0	0.0	0.0	0.0	0.0	0.0	2951473341.9066133	0.0	1110053374.7675383	0.0	0.0	0.0	0.0	13284535447.4679	30068.596839603848	207523534.3428633	0.0	0.0	0.0	0.0	4308052143.160543	0.0	29095925.737962414	0.0	0.0	0.0	0.0	14099932396.775318	0.0	179213248.56732583	0.0	0.0	0.0	0.0	5706279520.536432	0.0	34047.06707336515	0.0	0.0	0.0	0.0	2468719506.832155	83346.80622779967	12199527.591703717	0.0	0.0	0.0	0.0	550761351.6505188	0.0	11442386.875986457	0.0	0.0	0.0	0.0	6867439482.685267	0.0	979660966.5266455	0.0	0.0	0.0	0.0	98557287369.6777	1261112.9325845628	160685218.81562787	0.0	0.0	0.0	0.0	2535304226.9821224	924312.6380331856	2446037281.5927844	0.0	0.0	0.0	0.0	387132180023.0847	981.9173333431507	1917038053.10676	0.0	0.0	0.0	0.0	12438141089.422768	0.0	0.0	0.0	0.0	0.0	0.0	883292478.024155	14121000.727359612	607193086.2925147	0.0	0.0	0.0	0.0	51172017833.72158	0.0	21263004258.802116	0.0	0.0	0.0	0.0	495860120254.9977	0.0	0.0	0.0	0.0	0.0	0.0	29278944451.50716	8459110.74108459	478383722.37971824	0.0	0.0	0.0	0.0	6239798850.696583	4360.681396423239	623992329.2502131	0.0	0.0	0.0	0.0	5928568212.928112	13.079426495547706	99911188.36419998	0.0	0.0	0.0	0.0	3032482825.6233478	23842912.75891953	43737074.3859636	0.0	0.0	0.0	0.0	12199846394.683088	20.66308512012996	12024790.865244253	0.0	0.0	0.0	0.0	91891689.9021039	0.0	0.0	0.0	0.0	0.0	0.0	2184402486.185709	0.0	44190.32500398157	0.0	0.0	0.0	0.0	122961370614.81071	0.0	0.0	0.0	0.0	0.0	0.0	13254598956.0904	0.0	0.0	0.0	0.0	0.0	0.0	375558957771.1099	1617509.2810110175	270516823.0394446	0.0	0.0	0.0	0.0	107797481592.08437	0.0	4359571.459499082	0.0	0.0	0.0	0.0	22884130966.17894	18654.93726594181	33402896.006509952	0.0	0.0	0.0	0.0	1162651177087.402	48477.28115497713	323180392.9811198	0.0	0.0	0.0	0.0	5843720658.817681	271.4560417464186	19742675.800196838	0.0	0.0	0.0	0.0
2017	8729074749.394453	0.0	1169910.879040595	0.0	0.0	0.0	0.0	3569295418.587748	0.0	13981075.554242324	0.0	0.0	0.0	0.0	3591048845.6959867	710.2993702695351	1531.4539855339451	0.0	0.0	0.0	0.0	88251839.00486298	0.0	613588.5233794588	0.0	0.0	0.0	0.0	8638338914.772366	761273.8905462758	282264344.7346373	0.0	0.0	0.0	0.0	32385000206.015213	0.0	64964222.54505741	0.0	0.0	0.0	0.0	5343539021.327281	0.0	21793596.25575928	0.0	0.0	0.0	0.0	1848411815.7250063	0.0	81297.10437166433	0.0	0.0	0.0	0.0	9487736593.328852	0.0	175842098.88230923	0.0	0.0	0.0	0.0	7161477087.856512	0.0	13067383.32153254	0.0	0.0	0.0	0.0	33554783746.50875	0.0	953961.6453901966	0.0	0.0	0.0	0.0	3474139709.094683	0.0	242791796.7437445	0.0	0.0	0.0	0.0	5085226909.675176	0.0	13947189.90342873	0.0	0.0	0.0	0.0	7619867095.288606	354148830.0206767	2696906.507175288	0.0	0.0	0.0	0.0	134115228.10092314	3.1975377973217105	1670305.7578820244	0.0	0.0	0.0	0.0	32810089036.7925	0.0	31951777.06102886	0.0	0.0	0.0	0.0	2268825960.535275	0.0	1241415.4485402498	0.0	0.0	0.0	0.0	135369815.63956723	0.0	9133768.996413102	0.0	0.0	0.0	0.0	2436222753.5386567	9507.46621719455	163875662.31508866	0.0	0.0	0.0	0.0	6413541.627864328	0.0	0.0	0.0	0.0	0.0	0.0	2987216472.1898174	0.0	1024800737.4145392	0.0	0.0	0.0	0.0	13400899321.94603	34486.611194056844	185745921.28297472	0.0	0.0	0.0	0.0	4443215170.856246	0.0	17986211.39832306	0.0	0.0	0.0	0.0	14444518553.226467	0.0	229720465.64332405	0.0	0.0	0.0	0.0	5684455719.508801	0.0	53103.91452304174	0.0	0.0	0.0	0.0	2331975034.888981	83692.00016753563	18042481.96501663	0.0	0.0	0.0	0.0	662932784.3515952	0.0	20312873.690624077	0.0	0.0	0.0	0.0	7600962313.509434	0.0	776656809.6001629	0.0	0.0	0.0	0.0	96893948010.73524	966532.376282389	148295026.2700966	0.0	0.0	0.0	0.0	2101943016.59146	959391.4402960516	2580413037.21965	0.0	0.0	0.0	0.0	396610395356.9501	786.8611169878328	1930344155.308385	0.0	0.0	0.0	0.0	12735582531.049892	0.0	0.0	0.0	0.0	0.0	0.0	948107704.237454	14923637.475268193	771692537.4899385	0.0	0.0	0.0	0.0	54317306951.17316	0.0	23906855298.905468	0.0	0.0	0.0	0.0	504344707348.8224	0.0	0.0	0.0	0.0	0.0	0.0	29001855929.95672	8727694.827222297	801509870.2739203	0.0	0.0	0.0	0.0	5156154560.9575405	6669.530579988122	378803747.3536843	0.0	0.0	0.0	0.0	5804258770.438261	8.689644439968125	136029660.93243036	0.0	0.0	0.0	0.0	3016614326.2038245	22818232.158111896	49981509.39956867	0.0	0.0	0.0	0.0	11123151892.490543	15.464458291334156	12793868.058390668	0.0	0.0	0.0	0.0	82749351.67587465	0.0	0.0	0.0	0.0	0.0	0.0	2384969931.8073463	0.0	1056816.1104387622	0.0	0.0	0.0	0.0	110616307157.19331	0.0	0.0	0.0	0.0	0.0	0.0	13672643364.957891	0.0	0.0	0.0	0.0	0.0	0.0	379987715440.1098	1261390.0446695122	288665486.75636774	0.0	0.0	0.0	0.0	108243524423.4257	0.0	4522417.810722478	0.0	0.0	0.0	0.0	24352059801.22251	18206.29984553525	26037774.37013174	0.0	0.0	0.0	0.0	1196377806086.105	47890.78830464605	320231017.7111489	0.0	0.0	0.0	0.0	5830206827.219226	206.89872684068925	23564531.33822783	0.0	0.0	0.0	0.0
2018	8113588949.270512	0.0	4408261.438302356	0.0	0.0	0.0	0.0	3504101611.294857	0.0	9357679.823854208	0.0	0.0	0.0	0.0	3490611195.1806045	643.7575663230296	2009.0992355308117	0.0	0.0	0.0	0.0	95888268.12050804	0.0	641924.2447387193	0.0	0.0	0.0	0.0	9093432889.223503	833689.7264136912	277730673.8112815	0.0	0.0	0.0	0.0	34394312297.98286	0.0	81609431.33631143	0.0	0.0	0.0	0.0	5441390714.942132	0.0	23992217.731711097	0.0	0.0	0.0	0.0	1867329138.7651596	0.0	78359.49997546458	0.0	0.0	0.0	0.0	9666799618.259312	0.0	162061255.05625927	0.0	0.0	0.0	0.0	6933282995.308257	0.0	12249555.416632855	0.0	0.0	0.0	0.0	32457913225.08789	0.0	845068.8543793348	0.0	0.0	0.0	0.0	3330087649.662909	0.0	195182101.18374655	0.0	0.0	0.0	0.0	4849744688.408678	0.0	18869251.85027055	0.0	0.0	0.0	0.0	6349672061.840522	459871726.12873214	2434913.897648595	0.0	0.0	0.0	0.0	142062197.8895707	1.8997430311110373	1727192.7743622952	0.0	0.0	0.0	0.0	30489134247.747265	0.0	32969919.98680587	0.0	0.0	0.0	0.0	2324254821.8525343	0.0	604325.3213993084	0.0	0.0	0.0	0.0	187237844.54235864	0.0	14701307.37097402	0.0	0.0	0.0	0.0	2576985211.804496	6015.738490367288	92995774.84132022	0.0	0.0	0.0	0.0	6316338.641817283	0.0	0.0	0.0	0.0	0.0	0.0	3184398583.1691065	0.0	1032714926.5213592	0.0	0.0	0.0	0.0	27952459675.51028	37789.22203635077	266560988.76669672	0.0	0.0	0.0	0.0	4239855964.437856	0.0	16414319.084144302	0.0	0.0	0.0	0.0	14327496640.20894	0.0	621322701.1214546	0.0	0.0	0.0	0.0	5542176254.728653	0.0	49952.06576153261	0.0	0.0	0.0	0.0	2077281335.46523	62177.21203139778	53350055.39545795	0.0	0.0	0.0	0.0	570199597.5165305	0.0	9266208.321090214	0.0	0.0	0.0	0.0	9459591302.67786	0.0	1315223799.8659966	0.0	0.0	0.0	0.0	108413707976.49002	223.4106509360761	184738363.46205917	0.0	0.0	0.0	0.0	2528583112.9747963	896929.8750863676	1618881097.3154616	0.0	0.0	0.0	0.0	381617586950.5878	936.4189009133391	2457520231.177744	0.0	0.0	0.0	0.0	13861070307.594193	0.0	0.0	0.0	0.0	0.0	0.0	937445179.9267268	13468088.870319394	1304269351.972236	0.0	0.0	0.0	0.0	65117786458.17056	0.0	22494802685.11149	0.0	0.0	0.0	0.0	504317089918.5886	0.0	0.0	0.0	0.0	0.0	0.0	28973264909.482483	9305783.606927786	1039614480.1684132	0.0	0.0	0.0	0.0	5343333668.144534	4345.428196670309	274591934.3441898	0.0	0.0	0.0	0.0	5704413216.1554365	7.4547992962967875	106474148.43784045	0.0	0.0	0.0	0.0	2323429819.4860435	40256745.74463037	125598951.95760748	0.0	0.0	0.0	0.0	7355189617.248664	463.6202959635649	25351146.81097324	0.0	0.0	0.0	0.0	132825171.759432	0.0	0.0	0.0	0.0	0.0	0.0	2293983071.896694	0.0	204981.05951103935	0.0	0.0	0.0	0.0	102794190703.55272	0.0	0.0	0.0	0.0	0.0	0.0	12316371340.370234	0.0	0.0	0.0	0.0	0.0	0.0	380051531490.72	1418386.3809858814	320172806.3556659	0.0	0.0	0.0	0.0	106576191496.64426	0.0	4886274.913738027	0.0	0.0	0.0	0.0	28748252119.179565	19484.492268636302	25487337.55357026	0.0	0.0	0.0	0.0	1199881327582.3208	52678.6597008054	98502885.57891068	0.0	0.0	0.0	0.0	5807917450.424776	340.4261042015157	14671967.830219964	0.0	0.0	0.0	0.0
2019	8428620330.161709	0.0	5070706.8254283415	0.0	0.0	0.0	0.0	2771352245.598928	0.0	8758736.77925496	0.0	0.0	0.0	0.0	3380106685.191513	1091.6729551286874	1254.6983044268231	0.0	0.0	0.0	0.0	93818200.94682708	0.0	241200.3285572144	0.0	0.0	0.0	0.0	9622672866.047754	927125.2993894832	285820167.0413868	0.0	0.0	0.0	0.0	34726569905.64662	0.0	83016240.14671916	0.0	0.0	0.0	0.0	5468129333.635522	0.0	24538828.473871466	0.0	0.0	0.0	0.0	1792073650.996492	0.0	79659.84510709437	0.0	0.0	0.0	0.0	9525865766.71524	0.0	109567470.33173524	0.0	0.0	0.0	0.0	6802695744.619333	0.0	12284312.934428478	0.0	0.0	0.0	0.0	33310240815.44082	0.0	951789.9485017912	0.0	0.0	0.0	0.0	3281837808.6672444	0.0	232717876.3179457	0.0	0.0	0.0	0.0	4703472901.169629	0.0	22548139.23583409	0.0	0.0	0.0	0.0	5932678845.953447	3546.476837530529	25188680.82744366	0.0	0.0	0.0	0.0	121307611.07003202	2.814821636075816	2310794.6772195846	0.0	0.0	0.0	0.0	30548113607.56414	0.0	36944259.22385185	0.0	0.0	0.0	0.0	2268617209.2235327	0.0	524835.3448835437	0.0	0.0	0.0	0.0	112175167.52018416	0.0	13185738.970131436	0.0	0.0	0.0	0.0	2467517771.5381627	7116.26017635669	39733971.3754694	0.0	0.0	0.0	0.0	7871411.690225139	0.0	0.0	0.0	0.0	0.0	0.0	3415413364.3030457	0.0	1118732283.810957	0.0	0.0	0.0	0.0	25452876103.71777	56687.9047484703	238836320.50603828	0.0	0.0	0.0	0.0	4310337529.277366	0.0	18275630.169408545	0.0	0.0	0.0	0.0	14428763134.8353	0.0	612958720.1100663	0.0	0.0	0.0	0.0	5430459088.638437	0.0	112298.08652111197	0.0	0.0	0.0	0.0	1975700944.413609	70141.59664131477	68663282.17886032	0.0	0.0	0.0	0.0	3234328955.029411	0.0	37204467.40930362	0.0	0.0	0.0	0.0	11385938695.444471	0.0	1467570278.5214176	0.0	0.0	0.0	0.0	117689588936.92168	236.14642346666025	86083837.94577304	0.0	0.0	0.0	0.0	3272372695.5045257	1111317.255359123	1949495393.2707756	0.0	0.0	0.0	0.0	391557972131.10834	1124.9698124102752	2400775822.328037	0.0	0.0	0.0	0.0	14284345294.353905	0.0	0.0	0.0	0.0	0.0	0.0	825943568.9187459	10275692.239111427	985335302.5910342	0.0	0.0	0.0	0.0	64067588158.83853	0.0	22276593483.543533	0.0	0.0	0.0	0.0	502530459238.7836	0.0	0.0	0.0	0.0	0.0	0.0	29283051311.199432	8863873.228041645	574925020.2802505	0.0	0.0	0.0	0.0	5664403820.526339	4438.24730863769	3997629365.0017576	0.0	0.0	0.0	0.0	5669834542.598193	9.03749006490122	158732712.1426163	0.0	0.0	0.0	0.0	2891279191.638864	20389165.3250438	43227333.55126717	0.0	0.0	0.0	0.0	7118905382.248799	21.055688173176296	34406053.51823189	0.0	0.0	0.0	0.0	131242286.92658518	0.0	0.0	0.0	0.0	0.0	0.0	2241083381.563509	0.0	99805.87260967836	0.0	0.0	0.0	0.0	82646378312.44618	951672.578804433	2231884.909500667	0.0	0.0	0.0	0.0	12799429886.511747	0.0	0.0	0.0	0.0	0.0	0.0	384762676829.2908	1418697.2752319295	435577962.9877141	0.0	0.0	0.0	0.0	106594409544.83644	0.0	4580334.361557514	0.0	0.0	0.0	0.0	29132181976.093613	25717.52880233173	34447644.05422312	0.0	0.0	0.0	0.0	1229001363841.287	81702.51386025488	212557786.7467689	0.0	0.0	0.0	0.0	5928909278.749027	239.42959825717483	18288280.43502257	0.0	0.0	0.0	0.0
2020	8403291575.691165	0.0	31212212.70914979	0.0	0.0	0.0	0.0	2607618872.736867	0.0	38719867.11670934	0.0	0.0	0.0	0.0	4007856146.006509	1220.2768900288484	2278.8894659422517	0.0	0.0	0.0	0.0	78843577.99911301	0.0	2904082.843421013	0.0	0.0	0.0	0.0	10275573103.705055	882007.6054715435	70764453.26357919	0.0	0.0	0.0	0.0	33528381932.845837	0.0	327979737.2810193	0.0	0.0	0.0	0.0	4677985427.5731125	0.0	19312023.12292853	0.0	0.0	0.0	0.0	1888359855.06282	0.0	2380092.2978137387	0.0	0.0	0.0	0.0	9292176998.897512	0.0	352490603.96590674	0.0	0.0	0.0	0.0	6016010246.165293	0.0	735812.6169800743	0.0	0.0	0.0	0.0	31498223314.44821	0.0	111793517.137973	0.0	0.0	0.0	0.0	3190535466.817692	0.0	1440926.1829962751	0.0	0.0	0.0	0.0	4768964915.4745245	0.0	28942385.737060595	0.0	0.0	0.0	0.0	6661675759.769981	2594.345622941626	5798559.466475771	0.0	0.0	0.0	0.0	186839432.72395265	7.184888386927566	8969449.516674737	0.0	0.0	0.0	0.0	28578203387.599907	0.0	54882083.199990325	0.0	0.0	0.0	0.0	2333433901.5307856	0.0	107553.33847445094	0.0	0.0	0.0	0.0	86306669.4883735	0.0	5659378.016550598	0.0	0.0	0.0	0.0	2190241881.875369	1959.4580908062464	64427580.68315401	0.0	0.0	0.0	0.0	6944767.994299917	0.0	5939.8915755867965	0.0	0.0	0.0	0.0	3119574610.02714	0.0	663651418.0600084	0.0	0.0	0.0	0.0	23964228989.027447	44640.94393431747	295171834.548653	0.0	0.0	0.0	0.0	4355607985.991699	0.0	23629142.30732965	0.0	0.0	0.0	0.0	14465350391.689524	0.0	438897563.8908512	0.0	0.0	0.0	0.0	5723151061.341782	0.0	2654087.0471428107	0.0	0.0	0.0	0.0	1957326442.1598847	78500.2560471805	2774326.943808103	0.0	0.0	0.0	0.0	3202595049.043241	0.0	22750954.74347394	0.0	0.0	0.0	0.0	10081788062.713177	0.0	674081888.0048454	0.0	0.0	0.0	0.0	105494220022.22118	172.66791933335196	119330038.73950176	0.0	0.0	0.0	0.0	2718874116.359107	818316.4808572319	3269810147.793534	0.0	0.0	0.0	0.0	417244206566.53	3488.7868029249144	2560182942.6081824	0.0	0.0	0.0	0.0	14039404504.664305	0.0	0.0	0.0	0.0	0.0	0.0	759543847.7926791	10462898.33623763	34356536.15108489	0.0	0.0	0.0	0.0	46071841107.71787	0.0	1478366813.240232	0.0	0.0	0.0	0.0	509224663822.3449	0.0	0.0	0.0	0.0	0.0	0.0	26602272375.55086	7661142.033894306	232942308.9854481	0.0	0.0	0.0	0.0	5981488481.886357	8701.890540092541	807840120.3019817	0.0	0.0	0.0	0.0	5465344787.815814	39.903325373925504	157049385.98279148	0.0	0.0	0.0	0.0	2369146353.275463	16519075.179160712	58399151.6087249	0.0	0.0	0.0	0.0	7439781828.942322	2038930.3229920703	16618355.847098742	0.0	0.0	0.0	0.0	74909027.98154715	614.7831595778555	18902.285872048866	0.0	0.0	0.0	0.0	2431170063.695858	0.0	4873060.850524723	0.0	0.0	0.0	0.0	69200462946.71008	565290.8306849188	1346692.538374993	0.0	0.0	0.0	0.0	13506553061.808731	0.0	0.0	0.0	0.0	0.0	0.0	379424303067.8352	3038666.830012436	169313743.95601934	0.0	0.0	0.0	0.0	100536710874.32324	0.0	15176945.025786404	0.0	0.0	0.0	0.0	30673189800.87762	97942.3184952022	31766716.43217421	0.0	0.0	0.0	0.0	1248829807038.2424	22184.227044553663	382116969.2480928	0.0	0.0	0.0	0.0	6246958851.785001	100.25092219127976	44114406.256077945	0.0	0.0	0.0	0.0
